Database connection successful at 2025-05-21 15:03:33
Attempting database connection at 2025-05-21 15:07:56
Database connection successful at 2025-05-21 15:07:56
Attempting database connection at 2025-05-21 15:14:32
Database connection successful at 2025-05-21 15:14:32
Attempting database connection at 2025-05-21 15:14:57
Database connection successful at 2025-05-21 15:14:57
Attempting database connection at 2025-05-21 15:14:58
Database connection successful at 2025-05-21 15:14:58
Attempting database connection at 2025-05-21 15:14:58
Database connection successful at 2025-05-21 15:14:58
Attempting database connection at 2025-05-21 15:22:58
Database connection successful at 2025-05-21 15:22:58
Attempting database connection at 2025-05-21 15:22:59
Database connection successful at 2025-05-21 15:22:59
Attempting database connection at 2025-05-21 15:23:00
Database connection successful at 2025-05-21 15:23:00
Attempting database connection at 2025-05-21 15:23:00
Database connection successful at 2025-05-21 15:23:00
Attempting database connection at 2025-05-21 15:23:01
Database connection successful at 2025-05-21 15:23:01
Attempting database connection at 2025-05-21 15:23:01
Database connection successful at 2025-05-21 15:23:01
Attempting database connection at 2025-05-21 15:23:09
Database connection successful at 2025-05-21 15:23:09
Attempting database connection at 2025-05-21 15:23:17
Database connection successful at 2025-05-21 15:23:17
Attempting database connection at 2025-05-21 15:23:20
Database connection successful at 2025-05-21 15:23:20
Attempting database connection at 2025-05-21 15:24:05
Database connection successful at 2025-05-21 15:24:05
Attempting database connection at 2025-05-21 15:24:05
Database connection successful at 2025-05-21 15:24:05
Attempting database connection at 2025-05-21 15:24:07
Database connection successful at 2025-05-21 15:24:07
Attempting database connection at 2025-05-21 15:24:08
Database connection successful at 2025-05-21 15:24:08
Attempting database connection at 2025-05-21 15:24:18
Database connection successful at 2025-05-21 15:24:18
Attempting database connection at 2025-05-21 15:24:24
Database connection successful at 2025-05-21 15:24:24
Attempting database connection at 2025-05-21 15:24:25
Database connection successful at 2025-05-21 15:24:25
Attempting database connection at 2025-05-21 15:27:33
Database connection successful at 2025-05-21 15:27:33
Attempting database connection at 2025-05-21 15:27:41
Database connection successful at 2025-05-21 15:27:41
Attempting database connection at 2025-05-21 15:27:45
Database connection successful at 2025-05-21 15:27:45
Attempting database connection at 2025-05-21 15:27:52
Database connection successful at 2025-05-21 15:27:52
Attempting database connection at 2025-05-21 15:28:09
Database connection successful at 2025-05-21 15:28:09
Attempting database connection at 2025-05-21 15:28:20
Database connection successful at 2025-05-21 15:28:20
Attempting database connection at 2025-05-21 15:29:11
Database connection successful at 2025-05-21 15:29:11
Attempting database connection at 2025-05-21 15:29:13
Database connection successful at 2025-05-21 15:29:13
Attempting database connection at 2025-05-21 15:29:18
Database connection successful at 2025-05-21 15:29:18
Attempting database connection at 2025-05-21 15:31:37
Database connection successful at 2025-05-21 15:31:37
Attempting database connection at 2025-05-21 15:33:48
Database connection successful at 2025-05-21 15:33:48
Attempting database connection at 2025-05-21 15:40:48
Database connection successful at 2025-05-21 15:40:48
Attempting database connection at 2025-05-21 15:46:39
Database connection successful at 2025-05-21 15:46:39
Attempting database connection at 2025-05-21 15:49:13
Database connection successful at 2025-05-21 15:49:13
Attempting database connection at 2025-05-21 15:50:47
Database connection successful at 2025-05-21 15:50:47
Attempting database connection at 2025-05-21 15:51:05
Database connection successful at 2025-05-21 15:51:05
Attempting database connection at 2025-05-21 15:59:36
Database connection successful at 2025-05-21 15:59:36
Attempting database connection at 2025-05-21 16:08:44
Database connection successful at 2025-05-21 16:08:44
Attempting database connection at 2025-05-21 16:23:15
Database connection successful at 2025-05-21 16:23:15
Attempting database connection at 2025-05-21 16:24:58
Database connection successful at 2025-05-21 16:24:58
Attempting database connection at 2025-05-21 16:25:54
Database connection successful at 2025-05-21 16:25:54
Attempting database connection at 2025-05-21 16:26:00
Database connection successful at 2025-05-21 16:26:00
Attempting database connection at 2025-05-21 16:26:12
Database connection successful at 2025-05-21 16:26:12
Attempting database connection at 2025-05-21 16:26:21
Database connection successful at 2025-05-21 16:26:21
Attempting database connection at 2025-05-21 16:26:26
Database connection successful at 2025-05-21 16:26:26
Attempting database connection at 2025-05-21 16:26:29
Database connection successful at 2025-05-21 16:26:29
Attempting database connection at 2025-05-21 16:26:30
Database connection successful at 2025-05-21 16:26:30
Attempting database connection at 2025-05-21 16:26:41
Database connection successful at 2025-05-21 16:26:41
Attempting database connection at 2025-05-21 16:26:44
Database connection successful at 2025-05-21 16:26:44
Attempting database connection at 2025-05-21 16:26:45
Database connection successful at 2025-05-21 16:26:45
Attempting database connection at 2025-05-21 16:26:55
Database connection successful at 2025-05-21 16:26:55
Attempting database connection at 2025-05-21 16:27:13
Database connection successful at 2025-05-21 16:27:13
Attempting database connection at 2025-05-21 16:27:19
Database connection successful at 2025-05-21 16:27:19
Attempting database connection at 2025-05-21 16:27:26
Database connection successful at 2025-05-21 16:27:26
Attempting database connection at 2025-05-21 16:49:15
Database connection successful at 2025-05-21 16:49:15
Attempting database connection at 2025-05-21 16:57:23
Database connection successful at 2025-05-21 16:57:23
Attempting database connection at 2025-05-21 16:57:24
Database connection successful at 2025-05-21 16:57:24
Attempting database connection at 2025-05-21 16:57:36
Database connection successful at 2025-05-21 16:57:36
Attempting database connection at 2025-05-21 17:01:11
Database connection successful at 2025-05-21 17:01:11
Attempting database connection at 2025-05-21 17:01:29
Database connection successful at 2025-05-21 17:01:29
Attempting database connection at 2025-05-21 17:02:28
Database connection successful at 2025-05-21 17:02:28
Attempting database connection at 2025-05-21 17:03:42
Database connection successful at 2025-05-21 17:03:42
Attempting database connection at 2025-05-21 17:05:25
Database connection successful at 2025-05-21 17:05:25
Attempting database connection at 2025-05-21 17:08:04
Database connection successful at 2025-05-21 17:08:04
Attempting database connection at 2025-05-21 17:11:05
Database connection successful at 2025-05-21 17:11:05
Attempting database connection at 2025-05-21 17:11:38
Database connection successful at 2025-05-21 17:11:38
Attempting database connection at 2025-05-21 17:12:11
Database connection successful at 2025-05-21 17:12:11
Attempting database connection at 2025-05-21 17:15:47
Database connection successful at 2025-05-21 17:15:47
Attempting database connection at 2025-05-21 17:15:48
Database connection successful at 2025-05-21 17:15:48
Attempting database connection at 2025-05-21 17:15:50
Database connection successful at 2025-05-21 17:15:50
Attempting database connection at 2025-05-21 17:15:52
Database connection successful at 2025-05-21 17:15:52
Attempting database connection at 2025-05-21 17:15:58
Database connection successful at 2025-05-21 17:15:58
Attempting database connection at 2025-05-21 17:18:23
Database connection successful at 2025-05-21 17:18:23
Attempting database connection at 2025-05-21 17:22:57
Database connection successful at 2025-05-21 17:22:57
Attempting database connection at 2025-05-21 17:23:24
Database connection successful at 2025-05-21 17:23:24
Attempting database connection at 2025-05-21 17:30:23
Database connection successful at 2025-05-21 17:30:23
Attempting database connection at 2025-05-21 17:31:00
Database connection successful at 2025-05-21 17:31:00
Attempting database connection at 2025-05-21 17:31:20
Database connection successful at 2025-05-21 17:31:20
Attempting database connection at 2025-05-21 17:31:28
Database connection successful at 2025-05-21 17:31:28
Attempting database connection at 2025-05-21 17:32:09
Database connection successful at 2025-05-21 17:32:09
Attempting database connection at 2025-05-21 17:34:14
Database connection successful at 2025-05-21 17:34:14
Attempting database connection at 2025-05-21 17:34:19
Database connection successful at 2025-05-21 17:34:19
Attempting database connection at 2025-05-21 17:34:28
Database connection successful at 2025-05-21 17:34:28
Attempting database connection at 2025-05-21 17:34:31
Database connection successful at 2025-05-21 17:34:31
Attempting database connection at 2025-05-21 17:34:47
Database connection successful at 2025-05-21 17:34:47
Attempting database connection at 2025-05-21 17:45:03
Database connection successful at 2025-05-21 17:45:03
Attempting database connection at 2025-05-21 17:45:42
Database connection successful at 2025-05-21 17:45:42
Attempting database connection at 2025-05-21 17:45:52
Database connection successful at 2025-05-21 17:45:52
Attempting database connection at 2025-05-21 18:02:15
Database connection successful at 2025-05-21 18:02:15
Attempting database connection at 2025-05-21 18:34:47
Database connection successful at 2025-05-21 18:34:47
Attempting database connection at 2025-05-21 20:13:01
Database connection successful at 2025-05-21 20:13:01
Attempting database connection at 2025-05-21 20:37:50
Database connection successful at 2025-05-21 20:37:50
Attempting database connection at 2025-05-21 21:23:26
Database connection successful at 2025-05-21 21:23:26
Attempting database connection at 2025-05-21 21:24:58
Database connection successful at 2025-05-21 21:24:58
Attempting database connection at 2025-05-21 21:36:30
Database connection successful at 2025-05-21 21:36:30
Attempting database connection at 2025-05-21 21:36:31
Database connection successful at 2025-05-21 21:36:31
Attempting database connection at 2025-05-21 22:10:54
Database connection successful at 2025-05-21 22:10:54
Attempting database connection at 2025-05-22 01:17:59
Database connection successful at 2025-05-22 01:17:59
Attempting database connection at 2025-05-22 08:03:28
Database connection successful at 2025-05-22 08:03:28
Attempting database connection at 2025-05-22 08:04:05
Database connection successful at 2025-05-22 08:04:05
Attempting database connection at 2025-05-22 08:58:26
Database connection successful at 2025-05-22 08:58:26
Attempting database connection at 2025-05-22 08:58:45
Database connection successful at 2025-05-22 08:58:45
Attempting database connection at 2025-05-22 08:59:21
Database connection successful at 2025-05-22 08:59:21
Attempting database connection at 2025-05-22 09:00:11
Database connection successful at 2025-05-22 09:00:11
Attempting database connection at 2025-05-22 09:00:15
Database connection successful at 2025-05-22 09:00:15
Attempting database connection at 2025-05-22 09:00:18
Database connection successful at 2025-05-22 09:00:18
Attempting database connection at 2025-05-22 09:02:00
Database connection successful at 2025-05-22 09:02:00
Attempting database connection at 2025-05-22 09:06:39
Database connection successful at 2025-05-22 09:06:39
Attempting database connection at 2025-05-22 09:18:44
Database connection successful at 2025-05-22 09:18:44
Attempting database connection at 2025-05-22 09:19:24
Database connection successful at 2025-05-22 09:19:24
Attempting database connection at 2025-05-22 09:19:48
Database connection successful at 2025-05-22 09:19:48
Attempting database connection at 2025-05-22 09:20:21
Database connection successful at 2025-05-22 09:20:21
Attempting database connection at 2025-05-22 09:20:34
Database connection successful at 2025-05-22 09:20:35
Attempting database connection at 2025-05-22 09:21:49
Database connection successful at 2025-05-22 09:21:49
Attempting database connection at 2025-05-22 09:26:01
Database connection successful at 2025-05-22 09:26:01
Attempting database connection at 2025-05-22 09:26:17
Database connection successful at 2025-05-22 09:26:17
Attempting database connection at 2025-05-22 09:26:27
Database connection successful at 2025-05-22 09:26:27
Attempting database connection at 2025-05-22 09:26:31
Database connection successful at 2025-05-22 09:26:31
Attempting database connection at 2025-05-22 09:26:41
Database connection successful at 2025-05-22 09:26:41
Attempting database connection at 2025-05-22 09:27:45
Database connection successful at 2025-05-22 09:27:45
Attempting database connection at 2025-05-22 09:28:45
Database connection successful at 2025-05-22 09:28:45
Attempting database connection at 2025-05-22 09:29:17
Database connection successful at 2025-05-22 09:29:17
Attempting database connection at 2025-05-22 09:29:53
Database connection successful at 2025-05-22 09:29:53
Attempting database connection at 2025-05-22 09:29:54
Database connection successful at 2025-05-22 09:29:54
Attempting database connection at 2025-05-22 09:29:55
Database connection successful at 2025-05-22 09:29:55
Attempting database connection at 2025-05-22 09:30:05
Database connection successful at 2025-05-22 09:30:05
Attempting database connection at 2025-05-22 09:30:23
Database connection successful at 2025-05-22 09:30:23
Attempting database connection at 2025-05-22 15:46:04
Database connection successful at 2025-05-22 15:46:04
Database connection included successfully at 2025-05-22 15:46:04
Attempting to fetch posts at 2025-05-22 15:46:04
Executing query: SELECT * FROM posts ORDER BY date DESC LIMIT 20 at 2025-05-22 15:46:04
Successfully fetched 2 posts at 2025-05-22 15:46:04
Attempting database connection at 2025-05-22 15:46:05
Database connection successful at 2025-05-22 15:46:05
Database connection included successfully at 2025-05-22 15:46:05
Attempting to fetch posts at 2025-05-22 15:46:05
Executing query: SELECT * FROM posts ORDER BY date DESC LIMIT 20 at 2025-05-22 15:46:05
Successfully fetched 2 posts at 2025-05-22 15:46:05
Attempting database connection at 2025-05-22 15:46:05
Database connection successful at 2025-05-22 15:46:05
Database connection included successfully at 2025-05-22 15:46:05
Attempting to fetch posts at 2025-05-22 15:46:05
Executing query: SELECT * FROM posts ORDER BY date DESC LIMIT 20 at 2025-05-22 15:46:05
Successfully fetched 2 posts at 2025-05-22 15:46:05
Attempting database connection at 2025-05-22 15:46:05
Database connection successful at 2025-05-22 15:46:05
Database connection included successfully at 2025-05-22 15:46:05
Attempting to fetch posts at 2025-05-22 15:46:05
Executing query: SELECT * FROM posts ORDER BY date DESC LIMIT 20 at 2025-05-22 15:46:05
Successfully fetched 2 posts at 2025-05-22 15:46:05
Attempting database connection at 2025-05-22 15:46:05
Database connection successful at 2025-05-22 15:46:05
Database connection included successfully at 2025-05-22 15:46:05
Attempting to fetch posts at 2025-05-22 15:46:05
Executing query: SELECT * FROM posts ORDER BY date DESC LIMIT 20 at 2025-05-22 15:46:05
Successfully fetched 2 posts at 2025-05-22 15:46:05
Attempting database connection at 2025-05-22 15:46:05
Database connection successful at 2025-05-22 15:46:05
Database connection included successfully at 2025-05-22 15:46:05
Attempting to fetch posts at 2025-05-22 15:46:05
Executing query: SELECT * FROM posts ORDER BY date DESC LIMIT 20 at 2025-05-22 15:46:05
Successfully fetched 2 posts at 2025-05-22 15:46:05
Attempting database connection at 2025-05-22 15:46:06
Database connection successful at 2025-05-22 15:46:06
Database connection included successfully at 2025-05-22 15:46:06
Attempting to fetch posts at 2025-05-22 15:46:06
Executing query: SELECT * FROM posts ORDER BY date DESC LIMIT 20 at 2025-05-22 15:46:06
Successfully fetched 2 posts at 2025-05-22 15:46:06
Attempting database connection at 2025-05-22 15:46:41
Database connection successful at 2025-05-22 15:46:41
Attempting database connection at 2025-05-22 15:46:51
Database connection successful at 2025-05-22 15:46:52
Attempting database connection at 2025-05-22 15:46:56
Database connection successful at 2025-05-22 15:46:56
Attempting database connection at 2025-05-22 15:46:56
Database connection successful at 2025-05-22 15:46:56
Database connection included successfully at 2025-05-22 15:46:56
Attempting to fetch posts at 2025-05-22 15:46:56
Executing query: SELECT * FROM posts ORDER BY date DESC LIMIT 20 at 2025-05-22 15:46:56
Successfully fetched 2 posts at 2025-05-22 15:46:56
Attempting database connection at 2025-05-22 15:47:06
Database connection successful at 2025-05-22 15:47:06
Attempting database connection at 2025-05-22 15:49:49
Database connection successful at 2025-05-22 15:49:49
Database connection included successfully at 2025-05-22 15:49:49
Attempting to fetch posts at 2025-05-22 15:49:49
Executing query: SELECT * FROM posts ORDER BY date DESC LIMIT 20 at 2025-05-22 15:49:49
Successfully fetched 2 posts at 2025-05-22 15:49:49
Attempting database connection at 2025-05-22 15:50:13
Database connection successful at 2025-05-22 15:50:13
Attempting database connection at 2025-05-22 15:52:17
Database connection successful at 2025-05-22 15:52:17
Attempting database connection at 2025-05-22 15:52:29
Database connection successful at 2025-05-22 15:52:29
Attempting database connection at 2025-05-22 15:52:32
Database connection successful at 2025-05-22 15:52:32
Attempting database connection at 2025-05-22 15:52:38
Database connection successful at 2025-05-22 15:52:38
Attempting database connection at 2025-05-22 15:52:47
Database connection successful at 2025-05-22 15:52:47
Attempting database connection at 2025-05-22 15:53:02
Database connection successful at 2025-05-22 15:53:02
Attempting database connection at 2025-05-22 15:53:34
Database connection successful at 2025-05-22 15:53:34
Attempting database connection at 2025-05-22 15:53:54
Database connection successful at 2025-05-22 15:53:54
Database connection included successfully at 2025-05-22 15:53:54
Attempting to fetch posts at 2025-05-22 15:53:54
Executing query: SELECT * FROM posts ORDER BY date DESC LIMIT 20 at 2025-05-22 15:53:54
Successfully fetched 2 posts at 2025-05-22 15:53:54
Attempting database connection at 2025-05-22 15:54:25
Database connection successful at 2025-05-22 15:54:25
Attempting database connection at 2025-05-22 15:55:02
Database connection successful at 2025-05-22 15:55:02
Attempting database connection at 2025-05-22 15:55:25
Database connection successful at 2025-05-22 15:55:25
Attempting database connection at 2025-05-22 15:55:51
Database connection successful at 2025-05-22 15:55:51
Attempting database connection at 2025-05-22 15:56:02
Database connection successful at 2025-05-22 15:56:02
Attempting database connection at 2025-05-22 15:57:10
Database connection successful at 2025-05-22 15:57:10
Database connection included successfully at 2025-05-22 15:57:10
Attempting to fetch posts at 2025-05-22 15:57:10
Executing query: SELECT * FROM posts ORDER BY date DESC LIMIT 20 at 2025-05-22 15:57:10
Successfully fetched 2 posts at 2025-05-22 15:57:10
Attempting database connection at 2025-05-22 15:58:05
Database connection successful at 2025-05-22 15:58:05
Attempting database connection at 2025-05-22 15:58:07
Database connection successful at 2025-05-22 15:58:07
Attempting database connection at 2025-05-22 15:58:11
Database connection successful at 2025-05-22 15:58:11
Database connection included successfully at 2025-05-22 15:58:11
Attempting to fetch posts at 2025-05-22 15:58:11
Executing query: SELECT * FROM posts ORDER BY date DESC LIMIT 20 at 2025-05-22 15:58:11
Successfully fetched 2 posts at 2025-05-22 15:58:11
Attempting database connection at 2025-05-22 16:04:25
Database connection successful at 2025-05-22 16:04:25
Attempting database connection at 2025-05-22 16:04:37
Database connection successful at 2025-05-22 16:04:37
Attempting database connection at 2025-05-22 16:07:15
Database connection successful at 2025-05-22 16:07:15
Database connection included successfully at 2025-05-22 16:07:15
Attempting to fetch posts at 2025-05-22 16:07:15
Executing query: SELECT * FROM posts ORDER BY date DESC LIMIT 20 at 2025-05-22 16:07:15
Successfully fetched 2 posts at 2025-05-22 16:07:15
Attempting database connection at 2025-05-22 16:08:40
Database connection successful at 2025-05-22 16:08:40
Database connection included successfully at 2025-05-22 16:08:40
Attempting to fetch posts at 2025-05-22 16:08:40
Executing query: SELECT * FROM posts ORDER BY date DESC LIMIT 20 at 2025-05-22 16:08:40
Successfully fetched 2 posts at 2025-05-22 16:08:40
Attempting database connection at 2025-05-22 16:08:43
Database connection successful at 2025-05-22 16:08:43
Database connection included successfully at 2025-05-22 16:08:43
Attempting to fetch posts at 2025-05-22 16:08:43
Executing query: SELECT * FROM posts ORDER BY date DESC LIMIT 20 at 2025-05-22 16:08:43
Successfully fetched 2 posts at 2025-05-22 16:08:43
Attempting database connection at 2025-05-22 16:08:43
Database connection successful at 2025-05-22 16:08:43
Database connection included successfully at 2025-05-22 16:08:43
Attempting to fetch posts at 2025-05-22 16:08:43
Executing query: SELECT * FROM posts ORDER BY date DESC LIMIT 20 at 2025-05-22 16:08:43
Successfully fetched 2 posts at 2025-05-22 16:08:43
Attempting database connection at 2025-05-22 16:10:14
Database connection successful at 2025-05-22 16:10:14
Database connection included successfully at 2025-05-22 16:10:14
Attempting to fetch posts at 2025-05-22 16:10:14
Executing query: SELECT * FROM posts ORDER BY date DESC LIMIT 20 at 2025-05-22 16:10:14
Successfully fetched 2 posts at 2025-05-22 16:10:14
Attempting database connection at 2025-05-22 16:11:45
Database connection successful at 2025-05-22 16:11:45
Attempting database connection at 2025-05-22 16:26:50
Database connection successful at 2025-05-22 16:26:50
Database connection included successfully at 2025-05-22 16:26:50
Attempting to fetch posts at 2025-05-22 16:26:50
Executing query: SELECT * FROM posts ORDER BY date DESC LIMIT 20 at 2025-05-22 16:26:50
Successfully fetched 2 posts at 2025-05-22 16:26:50
Attempting database connection at 2025-05-22 16:27:11
Database connection successful at 2025-05-22 16:27:11
Attempting database connection at 2025-05-22 16:29:15
Database connection successful at 2025-05-22 16:29:15
Database connection included successfully at 2025-05-22 16:29:15
Attempting to fetch posts at 2025-05-22 16:29:15
Executing query: SELECT * FROM posts ORDER BY date DESC LIMIT 20 at 2025-05-22 16:29:15
Successfully fetched 2 posts at 2025-05-22 16:29:15
Attempting database connection at 2025-05-22 16:32:28
Database connection successful at 2025-05-22 16:32:28
Attempting database connection at 2025-05-22 16:39:25
Database connection successful at 2025-05-22 16:39:25
Database connection included successfully at 2025-05-22 16:39:25
Attempting to fetch posts at 2025-05-22 16:39:25
Executing query: SELECT * FROM posts ORDER BY date DESC LIMIT 20 at 2025-05-22 16:39:25
Successfully fetched 2 posts at 2025-05-22 16:39:25
Attempting database connection at 2025-05-22 16:41:33
Database connection successful at 2025-05-22 16:41:33
Database connection included successfully at 2025-05-22 16:41:33
Attempting to fetch posts at 2025-05-22 16:41:33
Executing query: SELECT * FROM posts ORDER BY date DESC LIMIT 20 at 2025-05-22 16:41:33
Successfully fetched 2 posts at 2025-05-22 16:41:33
Attempting database connection at 2025-05-22 16:42:07
Database connection successful at 2025-05-22 16:42:07
Database connection included successfully at 2025-05-22 16:42:07
Attempting to fetch posts at 2025-05-22 16:42:07
Executing query: SELECT * FROM posts ORDER BY date DESC LIMIT 20 at 2025-05-22 16:42:07
Successfully fetched 2 posts at 2025-05-22 16:42:07
Attempting database connection at 2025-05-22 16:42:07
Database connection successful at 2025-05-22 16:42:07
Database connection included successfully at 2025-05-22 16:42:07
Attempting to fetch posts at 2025-05-22 16:42:07
Executing query: SELECT * FROM posts ORDER BY date DESC LIMIT 20 at 2025-05-22 16:42:07
Successfully fetched 2 posts at 2025-05-22 16:42:07
Attempting database connection at 2025-05-22 16:45:25
Database connection successful at 2025-05-22 16:45:25
Database connection included successfully at 2025-05-22 16:45:25
Attempting to fetch posts at 2025-05-22 16:45:25
Executing query: SELECT * FROM posts ORDER BY date DESC LIMIT 20 at 2025-05-22 16:45:25
Successfully fetched 2 posts at 2025-05-22 16:45:25
Attempting database connection at 2025-05-22 16:45:25
Database connection successful at 2025-05-22 16:45:25
Database connection included successfully at 2025-05-22 16:45:25
Attempting to fetch posts at 2025-05-22 16:45:25
Executing query: SELECT * FROM posts ORDER BY date DESC LIMIT 20 at 2025-05-22 16:45:25
Successfully fetched 2 posts at 2025-05-22 16:45:25
Attempting database connection at 2025-05-22 16:45:26
Database connection successful at 2025-05-22 16:45:26
Database connection included successfully at 2025-05-22 16:45:26
Attempting to fetch posts at 2025-05-22 16:45:26
Executing query: SELECT * FROM posts ORDER BY date DESC LIMIT 20 at 2025-05-22 16:45:26
Successfully fetched 2 posts at 2025-05-22 16:45:26
Attempting database connection at 2025-05-22 16:49:11
Database connection successful at 2025-05-22 16:49:11
Database connection included successfully at 2025-05-22 16:49:11
Attempting to fetch posts at 2025-05-22 16:49:11
Executing query: SELECT * FROM posts ORDER BY date DESC LIMIT 20 at 2025-05-22 16:49:11
Successfully fetched 2 posts at 2025-05-22 16:49:11
Attempting database connection at 2025-05-22 16:49:13
Database connection successful at 2025-05-22 16:49:13
Database connection included successfully at 2025-05-22 16:49:13
Attempting to fetch posts at 2025-05-22 16:49:13
Executing query: SELECT * FROM posts ORDER BY date DESC LIMIT 20 at 2025-05-22 16:49:13
Successfully fetched 2 posts at 2025-05-22 16:49:13
Attempting database connection at 2025-05-22 16:49:13
Database connection successful at 2025-05-22 16:49:13
Database connection included successfully at 2025-05-22 16:49:13
Attempting to fetch posts at 2025-05-22 16:49:13
Executing query: SELECT * FROM posts ORDER BY date DESC LIMIT 20 at 2025-05-22 16:49:13
Successfully fetched 2 posts at 2025-05-22 16:49:13
Attempting database connection at 2025-05-22 16:49:21
Database connection successful at 2025-05-22 16:49:21
Database connection included successfully at 2025-05-22 16:49:21
Attempting to fetch posts at 2025-05-22 16:49:21
Executing query: SELECT * FROM posts ORDER BY date DESC LIMIT 20 at 2025-05-22 16:49:21
Successfully fetched 2 posts at 2025-05-22 16:49:21
Attempting database connection at 2025-05-22 16:49:22
Database connection successful at 2025-05-22 16:49:22
Database connection included successfully at 2025-05-22 16:49:22
Attempting to fetch posts at 2025-05-22 16:49:22
Executing query: SELECT * FROM posts ORDER BY date DESC LIMIT 20 at 2025-05-22 16:49:22
Successfully fetched 2 posts at 2025-05-22 16:49:22
Attempting database connection at 2025-05-22 16:49:22
Database connection successful at 2025-05-22 16:49:22
Database connection included successfully at 2025-05-22 16:49:22
Attempting to fetch posts at 2025-05-22 16:49:22
Executing query: SELECT * FROM posts ORDER BY date DESC LIMIT 20 at 2025-05-22 16:49:22
Successfully fetched 2 posts at 2025-05-22 16:49:22
Attempting database connection at 2025-05-22 16:49:22
Database connection successful at 2025-05-22 16:49:22
Database connection included successfully at 2025-05-22 16:49:22
Attempting to fetch posts at 2025-05-22 16:49:22
Executing query: SELECT * FROM posts ORDER BY date DESC LIMIT 20 at 2025-05-22 16:49:22
Successfully fetched 2 posts at 2025-05-22 16:49:22
Attempting database connection at 2025-05-22 16:49:22
Database connection successful at 2025-05-22 16:49:22
Database connection included successfully at 2025-05-22 16:49:22
Attempting to fetch posts at 2025-05-22 16:49:22
Executing query: SELECT * FROM posts ORDER BY date DESC LIMIT 20 at 2025-05-22 16:49:22
Successfully fetched 2 posts at 2025-05-22 16:49:22
Attempting database connection at 2025-05-22 16:51:19
Database connection successful at 2025-05-22 16:51:19
Database connection included successfully at 2025-05-22 16:51:19
Attempting to fetch posts at 2025-05-22 16:51:19
Executing query: SELECT * FROM posts ORDER BY date DESC LIMIT 20 at 2025-05-22 16:51:19
Successfully fetched 2 posts at 2025-05-22 16:51:19
Attempting database connection at 2025-05-22 16:51:19
Database connection successful at 2025-05-22 16:51:19
Database connection included successfully at 2025-05-22 16:51:19
Attempting to fetch posts at 2025-05-22 16:51:19
Executing query: SELECT * FROM posts ORDER BY date DESC LIMIT 20 at 2025-05-22 16:51:19
Successfully fetched 2 posts at 2025-05-22 16:51:19
Attempting database connection at 2025-05-22 16:51:20
Database connection successful at 2025-05-22 16:51:20
Database connection included successfully at 2025-05-22 16:51:20
Attempting to fetch posts at 2025-05-22 16:51:20
Executing query: SELECT * FROM posts ORDER BY date DESC LIMIT 20 at 2025-05-22 16:51:20
Successfully fetched 2 posts at 2025-05-22 16:51:20
Attempting database connection at 2025-05-22 17:00:55
Database connection successful at 2025-05-22 17:00:55
Attempting database connection at 2025-05-22 17:00:57
Database connection successful at 2025-05-22 17:00:57
Attempting database connection at 2025-05-22 17:01:52
Database connection successful at 2025-05-22 17:01:52
Database connection included successfully at 2025-05-22 17:01:52
Attempting to fetch posts at 2025-05-22 17:01:52
Executing query: SELECT * FROM posts ORDER BY date DESC LIMIT 20 at 2025-05-22 17:01:52
Successfully fetched 2 posts at 2025-05-22 17:01:52
Attempting database connection at 2025-05-22 17:01:52
Database connection successful at 2025-05-22 17:01:52
Database connection included successfully at 2025-05-22 17:01:52
Attempting to fetch posts at 2025-05-22 17:01:52
Executing query: SELECT * FROM posts ORDER BY date DESC LIMIT 20 at 2025-05-22 17:01:52
Successfully fetched 2 posts at 2025-05-22 17:01:52
Attempting database connection at 2025-05-22 17:01:53
Database connection successful at 2025-05-22 17:01:53
Database connection included successfully at 2025-05-22 17:01:53
Attempting to fetch posts at 2025-05-22 17:01:53
Executing query: SELECT * FROM posts ORDER BY date DESC LIMIT 20 at 2025-05-22 17:01:53
Successfully fetched 2 posts at 2025-05-22 17:01:53
Attempting database connection at 2025-05-22 17:01:53
Database connection successful at 2025-05-22 17:01:53
Database connection included successfully at 2025-05-22 17:01:53
Attempting to fetch posts at 2025-05-22 17:01:53
Executing query: SELECT * FROM posts ORDER BY date DESC LIMIT 20 at 2025-05-22 17:01:53
Successfully fetched 2 posts at 2025-05-22 17:01:53
Attempting database connection at 2025-05-22 17:02:01
Database connection successful at 2025-05-22 17:02:01
Attempting database connection at 2025-05-22 17:02:55
Database connection successful at 2025-05-22 17:02:55
Attempting database connection at 2025-05-22 17:13:45
Database connection successful at 2025-05-22 17:13:45
Attempting database connection at 2025-05-22 17:16:58
Database connection successful at 2025-05-22 17:16:58
Attempting database connection at 2025-05-22 17:17:07
Database connection successful at 2025-05-22 17:17:07
Attempting database connection at 2025-05-22 17:17:08
Database connection successful at 2025-05-22 17:17:08
Attempting database connection at 2025-05-22 17:18:38
Database connection successful at 2025-05-22 17:18:38
Attempting database connection at 2025-05-22 17:19:36
Database connection successful at 2025-05-22 17:19:36
Attempting database connection at 2025-05-22 17:21:06
Database connection successful at 2025-05-22 17:21:06
Database connection included successfully at 2025-05-22 17:21:06
Attempting to fetch posts at 2025-05-22 17:21:06
Executing query: SELECT * FROM posts ORDER BY date DESC LIMIT 20 at 2025-05-22 17:21:06
Successfully fetched 2 posts at 2025-05-22 17:21:06
Attempting database connection at 2025-05-22 17:21:12
Database connection successful at 2025-05-22 17:21:12
Database connection included successfully at 2025-05-22 17:21:12
Attempting to fetch posts at 2025-05-22 17:21:12
Executing query: SELECT * FROM posts ORDER BY date DESC LIMIT 20 at 2025-05-22 17:21:12
Successfully fetched 2 posts at 2025-05-22 17:21:12
Attempting database connection at 2025-05-22 17:21:12
Database connection successful at 2025-05-22 17:21:12
Database connection included successfully at 2025-05-22 17:21:12
Attempting to fetch posts at 2025-05-22 17:21:12
Executing query: SELECT * FROM posts ORDER BY date DESC LIMIT 20 at 2025-05-22 17:21:12
Successfully fetched 2 posts at 2025-05-22 17:21:12
Attempting database connection at 2025-05-22 17:21:13
Database connection successful at 2025-05-22 17:21:13
Database connection included successfully at 2025-05-22 17:21:13
Attempting to fetch posts at 2025-05-22 17:21:13
Executing query: SELECT * FROM posts ORDER BY date DESC LIMIT 20 at 2025-05-22 17:21:13
Successfully fetched 2 posts at 2025-05-22 17:21:13
Attempting database connection at 2025-05-22 17:21:47
Database connection successful at 2025-05-22 17:21:47
Attempting database connection at 2025-05-22 17:22:05
Database connection successful at 2025-05-22 17:22:05
Attempting database connection at 2025-05-22 17:22:05
Database connection successful at 2025-05-22 17:22:05
Database connection included successfully at 2025-05-22 17:22:05
Attempting to fetch posts at 2025-05-22 17:22:05
Executing query: SELECT * FROM posts ORDER BY date DESC LIMIT 20 at 2025-05-22 17:22:05
Successfully fetched 2 posts at 2025-05-22 17:22:05
Attempting database connection at 2025-05-22 17:22:43
Database connection successful at 2025-05-22 17:22:43
Database connection included successfully at 2025-05-22 17:22:43
Attempting to fetch posts at 2025-05-22 17:22:43
Executing query: SELECT * FROM posts ORDER BY date DESC LIMIT 20 at 2025-05-22 17:22:43
Successfully fetched 2 posts at 2025-05-22 17:22:43
Attempting database connection at 2025-05-22 17:22:46
Database connection successful at 2025-05-22 17:22:46
Database connection included successfully at 2025-05-22 17:22:46
Attempting to fetch posts at 2025-05-22 17:22:46
Executing query: SELECT * FROM posts ORDER BY date DESC LIMIT 20 at 2025-05-22 17:22:46
Successfully fetched 2 posts at 2025-05-22 17:22:46
Attempting database connection at 2025-05-22 17:25:06
Database connection successful at 2025-05-22 17:25:06
Attempting database connection at 2025-05-22 17:25:30
Database connection successful at 2025-05-22 17:25:30
Attempting database connection at 2025-05-22 17:25:31
Database connection successful at 2025-05-22 17:25:31
Attempting database connection at 2025-05-22 17:25:31
Database connection successful at 2025-05-22 17:25:31
Database connection included successfully at 2025-05-22 17:25:31
Attempting to fetch posts at 2025-05-22 17:25:31
Executing query: SELECT * FROM posts ORDER BY date DESC LIMIT 20 at 2025-05-22 17:25:31
Successfully fetched 2 posts at 2025-05-22 17:25:31
Attempting database connection at 2025-05-22 17:25:53
Database connection successful at 2025-05-22 17:25:53
Database connection included successfully at 2025-05-22 17:25:53
Attempting to fetch posts at 2025-05-22 17:25:53
Executing query: SELECT * FROM posts ORDER BY date DESC LIMIT 20 at 2025-05-22 17:25:53
Successfully fetched 2 posts at 2025-05-22 17:25:53
Attempting database connection at 2025-05-22 17:25:53
Database connection successful at 2025-05-22 17:25:53
Database connection included successfully at 2025-05-22 17:25:53
Attempting to fetch posts at 2025-05-22 17:25:53
Executing query: SELECT * FROM posts ORDER BY date DESC LIMIT 20 at 2025-05-22 17:25:53
Successfully fetched 2 posts at 2025-05-22 17:25:53
Attempting database connection at 2025-05-22 17:26:27
Database connection successful at 2025-05-22 17:26:27
Attempting database connection at 2025-05-22 17:26:36
Database connection successful at 2025-05-22 17:26:36
Attempting database connection at 2025-05-22 17:26:38
Database connection successful at 2025-05-22 17:26:38
Database connection included successfully at 2025-05-22 17:26:38
Attempting to fetch posts at 2025-05-22 17:26:38
Executing query: SELECT * FROM posts ORDER BY date DESC LIMIT 20 at 2025-05-22 17:26:38
Successfully fetched 2 posts at 2025-05-22 17:26:38
Attempting database connection at 2025-05-22 17:26:50
Database connection successful at 2025-05-22 17:26:50
Attempting database connection at 2025-05-22 17:26:54
Database connection successful at 2025-05-22 17:26:54
Attempting database connection at 2025-05-22 17:26:54
Database connection successful at 2025-05-22 17:26:54
Database connection included successfully at 2025-05-22 17:26:54
Attempting to fetch posts at 2025-05-22 17:26:54
Executing query: SELECT * FROM posts ORDER BY date DESC LIMIT 20 at 2025-05-22 17:26:54
Successfully fetched 2 posts at 2025-05-22 17:26:54
Attempting database connection at 2025-05-22 17:31:20
Database connection successful at 2025-05-22 17:31:20
Attempting database connection at 2025-05-22 17:32:19
Database connection successful at 2025-05-22 17:32:19
Attempting database connection at 2025-05-22 17:33:45
Database connection successful at 2025-05-22 17:33:45
Attempting database connection at 2025-05-22 17:35:14
Database connection successful at 2025-05-22 17:35:14
Database connection included successfully at 2025-05-22 17:35:14
Attempting to fetch posts at 2025-05-22 17:35:14
Executing query: SELECT * FROM posts ORDER BY date DESC LIMIT 20 at 2025-05-22 17:35:14
Successfully fetched 2 posts at 2025-05-22 17:35:14
Attempting database connection at 2025-05-22 17:35:14
Database connection successful at 2025-05-22 17:35:14
Database connection included successfully at 2025-05-22 17:35:14
Attempting to fetch posts at 2025-05-22 17:35:14
Executing query: SELECT * FROM posts ORDER BY date DESC LIMIT 20 at 2025-05-22 17:35:14
Successfully fetched 2 posts at 2025-05-22 17:35:14
Attempting database connection at 2025-05-22 17:35:14
Database connection successful at 2025-05-22 17:35:14
Database connection included successfully at 2025-05-22 17:35:14
Attempting to fetch posts at 2025-05-22 17:35:14
Executing query: SELECT * FROM posts ORDER BY date DESC LIMIT 20 at 2025-05-22 17:35:14
Successfully fetched 2 posts at 2025-05-22 17:35:14
Attempting database connection at 2025-05-22 17:35:32
Database connection successful at 2025-05-22 17:35:32
Attempting database connection at 2025-05-22 17:35:39
Database connection successful at 2025-05-22 17:35:39
Attempting database connection at 2025-05-22 17:35:42
Database connection successful at 2025-05-22 17:35:42
Attempting database connection at 2025-05-22 17:35:42
Database connection successful at 2025-05-22 17:35:42
Database connection included successfully at 2025-05-22 17:35:42
Attempting to fetch posts at 2025-05-22 17:35:42
Executing query: SELECT * FROM posts ORDER BY date DESC LIMIT 20 at 2025-05-22 17:35:42
Successfully fetched 2 posts at 2025-05-22 17:35:42
Attempting database connection at 2025-05-22 17:40:29
Database connection successful at 2025-05-22 17:40:29
Database connection included successfully at 2025-05-22 17:40:29
Attempting to fetch posts at 2025-05-22 17:40:29
Executing query: SELECT * FROM posts ORDER BY date DESC LIMIT 20 at 2025-05-22 17:40:29
Successfully fetched 2 posts at 2025-05-22 17:40:29
Attempting database connection at 2025-05-22 17:40:30
Database connection successful at 2025-05-22 17:40:30
Database connection included successfully at 2025-05-22 17:40:30
Attempting to fetch posts at 2025-05-22 17:40:30
Executing query: SELECT * FROM posts ORDER BY date DESC LIMIT 20 at 2025-05-22 17:40:30
Successfully fetched 2 posts at 2025-05-22 17:40:30
Attempting database connection at 2025-05-22 17:40:31
Database connection successful at 2025-05-22 17:40:31
Database connection included successfully at 2025-05-22 17:40:31
Attempting to fetch posts at 2025-05-22 17:40:31
Executing query: SELECT * FROM posts ORDER BY date DESC LIMIT 20 at 2025-05-22 17:40:31
Successfully fetched 2 posts at 2025-05-22 17:40:31
Attempting database connection at 2025-05-22 17:42:21
Database connection successful at 2025-05-22 17:42:21
Attempting database connection at 2025-05-22 17:42:22
Database connection successful at 2025-05-22 17:42:22
Attempting database connection at 2025-05-22 17:42:23
Database connection successful at 2025-05-22 17:42:23
Database connection included successfully at 2025-05-22 17:42:23
Attempting to fetch posts at 2025-05-22 17:42:23
Executing query: SELECT * FROM posts ORDER BY date DESC LIMIT 20 at 2025-05-22 17:42:23
Successfully fetched 2 posts at 2025-05-22 17:42:23
Attempting database connection at 2025-05-22 17:46:01
Database connection successful at 2025-05-22 17:46:01
Attempting database connection at 2025-05-22 17:46:01
Database connection successful at 2025-05-22 17:46:01
Database connection included successfully at 2025-05-22 17:46:01
Attempting to fetch posts at 2025-05-22 17:46:01
Executing query: SELECT * FROM posts ORDER BY date DESC LIMIT 20 at 2025-05-22 17:46:01
Successfully fetched 2 posts at 2025-05-22 17:46:01
Attempting database connection at 2025-05-22 17:47:19
Database connection successful at 2025-05-22 17:47:19
Attempting database connection at 2025-05-22 17:47:19
Database connection successful at 2025-05-22 17:47:19
Database connection included successfully at 2025-05-22 17:47:19
Attempting to fetch posts at 2025-05-22 17:47:19
Executing query: SELECT * FROM posts ORDER BY date DESC LIMIT 20 at 2025-05-22 17:47:19
Successfully fetched 2 posts at 2025-05-22 17:47:19
Attempting database connection at 2025-05-22 17:47:32
Database connection successful at 2025-05-22 17:47:32
Attempting database connection at 2025-05-22 17:47:32
Database connection successful at 2025-05-22 17:47:32
Database connection included successfully at 2025-05-22 17:47:32
Attempting to fetch posts at 2025-05-22 17:47:32
Executing query: SELECT * FROM posts ORDER BY date DESC LIMIT 20 at 2025-05-22 17:47:32
Successfully fetched 2 posts at 2025-05-22 17:47:32
Attempting database connection at 2025-05-22 17:47:33
Database connection successful at 2025-05-22 17:47:33
Attempting database connection at 2025-05-22 17:47:33
Database connection successful at 2025-05-22 17:47:33
Database connection included successfully at 2025-05-22 17:47:33
Attempting to fetch posts at 2025-05-22 17:47:33
Executing query: SELECT * FROM posts ORDER BY date DESC LIMIT 20 at 2025-05-22 17:47:33
Successfully fetched 2 posts at 2025-05-22 17:47:33
Attempting database connection at 2025-05-22 17:47:41
Database connection successful at 2025-05-22 17:47:41
Attempting database connection at 2025-05-22 17:47:41
Database connection successful at 2025-05-22 17:47:41
Database connection included successfully at 2025-05-22 17:47:41
Attempting to fetch posts at 2025-05-22 17:47:41
Executing query: SELECT * FROM posts ORDER BY date DESC LIMIT 20 at 2025-05-22 17:47:41
Successfully fetched 2 posts at 2025-05-22 17:47:41
Attempting database connection at 2025-05-22 17:47:41
Database connection successful at 2025-05-22 17:47:41
Attempting database connection at 2025-05-22 17:47:41
Database connection successful at 2025-05-22 17:47:41
Database connection included successfully at 2025-05-22 17:47:41
Attempting to fetch posts at 2025-05-22 17:47:41
Executing query: SELECT * FROM posts ORDER BY date DESC LIMIT 20 at 2025-05-22 17:47:41
Successfully fetched 2 posts at 2025-05-22 17:47:41
Attempting database connection at 2025-05-22 17:54:41
Database connection successful at 2025-05-22 17:54:41
Attempting database connection at 2025-05-22 17:54:42
Database connection successful at 2025-05-22 17:54:42
Attempting database connection at 2025-05-22 17:54:43
Database connection successful at 2025-05-22 17:54:43
Attempting database connection at 2025-05-22 17:54:44
Database connection successful at 2025-05-22 17:54:44
Database connection included successfully at 2025-05-22 17:54:44
Attempting to fetch posts at 2025-05-22 17:54:44
Executing query: SELECT * FROM posts ORDER BY date DESC LIMIT 20 at 2025-05-22 17:54:44
Successfully fetched 2 posts at 2025-05-22 17:54:44
Attempting database connection at 2025-05-22 17:55:16
Database connection successful at 2025-05-22 17:55:16
Attempting database connection at 2025-05-22 17:55:19
Database connection successful at 2025-05-22 17:55:19
Attempting database connection at 2025-05-22 17:55:19
Database connection successful at 2025-05-22 17:55:19
Attempting database connection at 2025-05-22 17:55:19
Database connection successful at 2025-05-22 17:55:19
Database connection included successfully at 2025-05-22 17:55:19
Attempting to fetch posts at 2025-05-22 17:55:19
Executing query: SELECT * FROM posts ORDER BY date DESC LIMIT 20 at 2025-05-22 17:55:19
Successfully fetched 2 posts at 2025-05-22 17:55:19
Attempting database connection at 2025-05-22 17:56:41
Database connection successful at 2025-05-22 17:56:41
Attempting database connection at 2025-05-22 17:56:52
Database connection successful at 2025-05-22 17:56:52
Attempting database connection at 2025-05-22 17:56:53
Database connection successful at 2025-05-22 17:56:53
Attempting database connection at 2025-05-22 17:56:53
Database connection successful at 2025-05-22 17:56:53
Database connection included successfully at 2025-05-22 17:56:53
Attempting to fetch posts at 2025-05-22 17:56:53
Executing query: SELECT * FROM posts ORDER BY date DESC LIMIT 20 at 2025-05-22 17:56:53
Successfully fetched 2 posts at 2025-05-22 17:56:53
Attempting database connection at 2025-05-22 17:57:49
Database connection successful at 2025-05-22 17:57:49
Attempting database connection at 2025-05-22 17:57:49
Database connection successful at 2025-05-22 17:57:49
Database connection included successfully at 2025-05-22 17:57:49
Attempting to fetch posts at 2025-05-22 17:57:49
Executing query: SELECT * FROM posts ORDER BY date DESC LIMIT 20 at 2025-05-22 17:57:49
Successfully fetched 2 posts at 2025-05-22 17:57:49
Attempting database connection at 2025-05-22 17:57:50
Database connection successful at 2025-05-22 17:57:50
Attempting database connection at 2025-05-22 17:57:50
Database connection successful at 2025-05-22 17:57:50
Database connection included successfully at 2025-05-22 17:57:50
Attempting to fetch posts at 2025-05-22 17:57:50
Executing query: SELECT * FROM posts ORDER BY date DESC LIMIT 20 at 2025-05-22 17:57:50
Successfully fetched 2 posts at 2025-05-22 17:57:50
Attempting database connection at 2025-05-22 17:58:10
Database connection successful at 2025-05-22 17:58:10
Attempting database connection at 2025-05-22 17:58:10
Database connection successful at 2025-05-22 17:58:10
Database connection included successfully at 2025-05-22 17:58:10
Attempting to fetch posts at 2025-05-22 17:58:10
Executing query: SELECT * FROM posts ORDER BY date DESC LIMIT 20 at 2025-05-22 17:58:10
Successfully fetched 2 posts at 2025-05-22 17:58:10
Attempting database connection at 2025-05-22 17:59:25
Database connection successful at 2025-05-22 17:59:25
Attempting database connection at 2025-05-22 17:59:25
Database connection successful at 2025-05-22 17:59:25
Database connection included successfully at 2025-05-22 17:59:25
Attempting to fetch posts at 2025-05-22 17:59:25
Executing query: SELECT * FROM posts ORDER BY date DESC LIMIT 20 at 2025-05-22 17:59:25
Successfully fetched 2 posts at 2025-05-22 17:59:25
Attempting database connection at 2025-05-22 17:59:37
Database connection successful at 2025-05-22 17:59:37
Attempting database connection at 2025-05-22 17:59:37
Database connection successful at 2025-05-22 17:59:37
Database connection included successfully at 2025-05-22 17:59:37
Attempting to fetch posts at 2025-05-22 17:59:37
Executing query: SELECT * FROM posts ORDER BY date DESC LIMIT 20 at 2025-05-22 17:59:37
Successfully fetched 2 posts at 2025-05-22 17:59:37
Attempting database connection at 2025-05-22 17:59:37
Database connection successful at 2025-05-22 17:59:37
Attempting database connection at 2025-05-22 17:59:37
Database connection successful at 2025-05-22 17:59:37
Database connection included successfully at 2025-05-22 17:59:37
Attempting to fetch posts at 2025-05-22 17:59:37
Executing query: SELECT * FROM posts ORDER BY date DESC LIMIT 20 at 2025-05-22 17:59:37
Successfully fetched 2 posts at 2025-05-22 17:59:37
Attempting database connection at 2025-05-22 17:59:37
Database connection successful at 2025-05-22 17:59:37
Attempting database connection at 2025-05-22 17:59:37
Database connection successful at 2025-05-22 17:59:37
Database connection included successfully at 2025-05-22 17:59:37
Attempting to fetch posts at 2025-05-22 17:59:37
Executing query: SELECT * FROM posts ORDER BY date DESC LIMIT 20 at 2025-05-22 17:59:37
Successfully fetched 2 posts at 2025-05-22 17:59:37
Attempting database connection at 2025-05-22 17:59:37
Database connection successful at 2025-05-22 17:59:37
Attempting database connection at 2025-05-22 17:59:37
Database connection successful at 2025-05-22 17:59:37
Database connection included successfully at 2025-05-22 17:59:37
Attempting to fetch posts at 2025-05-22 17:59:37
Executing query: SELECT * FROM posts ORDER BY date DESC LIMIT 20 at 2025-05-22 17:59:37
Successfully fetched 2 posts at 2025-05-22 17:59:37
Attempting database connection at 2025-05-22 17:59:38
Database connection successful at 2025-05-22 17:59:38
Attempting database connection at 2025-05-22 17:59:38
Database connection successful at 2025-05-22 17:59:38
Database connection included successfully at 2025-05-22 17:59:38
Attempting to fetch posts at 2025-05-22 17:59:38
Executing query: SELECT * FROM posts ORDER BY date DESC LIMIT 20 at 2025-05-22 17:59:38
Successfully fetched 2 posts at 2025-05-22 17:59:38
Attempting database connection at 2025-05-22 17:59:44
Database connection successful at 2025-05-22 17:59:44
Attempting database connection at 2025-05-22 17:59:46
Database connection successful at 2025-05-22 17:59:46
Attempting database connection at 2025-05-22 17:59:46
Database connection successful at 2025-05-22 17:59:46
Attempting database connection at 2025-05-22 17:59:46
Database connection successful at 2025-05-22 17:59:46
Database connection included successfully at 2025-05-22 17:59:46
Attempting to fetch posts at 2025-05-22 17:59:46
Executing query: SELECT * FROM posts ORDER BY date DESC LIMIT 20 at 2025-05-22 17:59:46
Successfully fetched 2 posts at 2025-05-22 17:59:46
Attempting database connection at 2025-05-22 17:59:59
Database connection successful at 2025-05-22 17:59:59
Attempting database connection at 2025-05-22 18:00:01
Database connection successful at 2025-05-22 18:00:01
Attempting database connection at 2025-05-22 18:00:01
Database connection successful at 2025-05-22 18:00:01
Attempting database connection at 2025-05-22 18:00:01
Database connection successful at 2025-05-22 18:00:01
Database connection included successfully at 2025-05-22 18:00:01
Attempting to fetch posts at 2025-05-22 18:00:01
Executing query: SELECT * FROM posts ORDER BY date DESC LIMIT 20 at 2025-05-22 18:00:01
Successfully fetched 2 posts at 2025-05-22 18:00:01
Attempting database connection at 2025-05-22 18:02:14
Database connection successful at 2025-05-22 18:02:14
Attempting database connection at 2025-05-22 18:02:15
Database connection successful at 2025-05-22 18:02:15
Database connection included successfully at 2025-05-22 18:02:15
Attempting to fetch posts at 2025-05-22 18:02:15
Executing query: SELECT * FROM posts ORDER BY date DESC LIMIT 20 at 2025-05-22 18:02:15
Successfully fetched 2 posts at 2025-05-22 18:02:15
Attempting database connection at 2025-05-22 18:02:15
Database connection successful at 2025-05-22 18:02:15
Attempting database connection at 2025-05-22 18:02:15
Database connection successful at 2025-05-22 18:02:15
Database connection included successfully at 2025-05-22 18:02:15
Attempting to fetch posts at 2025-05-22 18:02:15
Executing query: SELECT * FROM posts ORDER BY date DESC LIMIT 20 at 2025-05-22 18:02:15
Successfully fetched 2 posts at 2025-05-22 18:02:15
Attempting database connection at 2025-05-22 18:02:42
Database connection successful at 2025-05-22 18:02:42
Attempting database connection at 2025-05-22 18:02:43
Database connection successful at 2025-05-22 18:02:43
Database connection included successfully at 2025-05-22 18:02:43
Attempting to fetch posts at 2025-05-22 18:02:43
Executing query: SELECT * FROM posts ORDER BY date DESC LIMIT 20 at 2025-05-22 18:02:43
Successfully fetched 2 posts at 2025-05-22 18:02:43
Attempting database connection at 2025-05-22 18:02:44
Database connection successful at 2025-05-22 18:02:44
Attempting database connection at 2025-05-22 18:03:10
Database connection successful at 2025-05-22 18:03:10
Attempting database connection at 2025-05-22 18:03:30
Database connection successful at 2025-05-22 18:03:30
Attempting database connection at 2025-05-22 18:04:14
Database connection successful at 2025-05-22 18:04:14
Attempting database connection at 2025-05-22 18:04:14
Database connection successful at 2025-05-22 18:04:14
Attempting database connection at 2025-05-22 18:05:11
Database connection successful at 2025-05-22 18:05:11
Attempting database connection at 2025-05-22 18:05:29
Database connection successful at 2025-05-22 18:05:29
Attempting database connection at 2025-05-22 18:05:46
Database connection successful at 2025-05-22 18:05:46
Attempting database connection at 2025-05-22 18:06:25
Database connection successful at 2025-05-22 18:06:25
Attempting database connection at 2025-05-22 18:07:01
Database connection successful at 2025-05-22 18:07:01
Attempting database connection at 2025-05-22 18:07:24
Database connection successful at 2025-05-22 18:07:24
Attempting database connection at 2025-05-22 18:07:54
Database connection successful at 2025-05-22 18:07:54
Attempting database connection at 2025-05-22 18:07:56
Database connection successful at 2025-05-22 18:07:56
Attempting database connection at 2025-05-22 18:10:18
Database connection successful at 2025-05-22 18:10:18
Attempting database connection at 2025-05-22 18:10:18
Database connection successful at 2025-05-22 18:10:18
Database connection included successfully at 2025-05-22 18:10:18
Attempting to fetch posts at 2025-05-22 18:10:18
Executing query: SELECT * FROM posts ORDER BY date DESC LIMIT 20 at 2025-05-22 18:10:18
Successfully fetched 2 posts at 2025-05-22 18:10:18
Attempting database connection at 2025-05-22 18:10:19
Database connection successful at 2025-05-22 18:10:19
Attempting database connection at 2025-05-22 18:10:19
Database connection successful at 2025-05-22 18:10:19
Database connection included successfully at 2025-05-22 18:10:19
Attempting to fetch posts at 2025-05-22 18:10:19
Executing query: SELECT * FROM posts ORDER BY date DESC LIMIT 20 at 2025-05-22 18:10:19
Successfully fetched 2 posts at 2025-05-22 18:10:19
Attempting database connection at 2025-05-22 18:10:21
Database connection successful at 2025-05-22 18:10:21
Attempting database connection at 2025-05-22 18:11:17
Database connection successful at 2025-05-22 18:11:17
Attempting database connection at 2025-05-22 18:11:18
Database connection successful at 2025-05-22 18:11:18
Attempting database connection at 2025-05-22 18:11:19
Database connection successful at 2025-05-22 18:11:19
Attempting database connection at 2025-05-22 18:12:42
Database connection successful at 2025-05-22 18:12:42
Attempting database connection at 2025-05-22 18:12:43
Database connection successful at 2025-05-22 18:12:43
Attempting database connection at 2025-05-22 18:12:43
Database connection successful at 2025-05-22 18:12:43
Database connection included successfully at 2025-05-22 18:12:43
Attempting to fetch posts at 2025-05-22 18:12:43
Executing query: SELECT * FROM posts ORDER BY date DESC LIMIT 20 at 2025-05-22 18:12:43
Successfully fetched 2 posts at 2025-05-22 18:12:43
Attempting database connection at 2025-05-22 18:13:12
Database connection successful at 2025-05-22 18:13:12
Attempting database connection at 2025-05-22 18:13:16
Database connection successful at 2025-05-22 18:13:16
Attempting database connection at 2025-05-22 18:13:16
Database connection successful at 2025-05-22 18:13:16
Database connection included successfully at 2025-05-22 18:13:16
Attempting to fetch posts at 2025-05-22 18:13:16
Executing query: SELECT * FROM posts ORDER BY date DESC LIMIT 20 at 2025-05-22 18:13:16
Successfully fetched 2 posts at 2025-05-22 18:13:16
Attempting database connection at 2025-05-22 18:13:20
Database connection successful at 2025-05-22 18:13:20
Attempting database connection at 2025-05-22 18:13:20
Database connection successful at 2025-05-22 18:13:20
Database connection included successfully at 2025-05-22 18:13:20
Attempting to fetch posts at 2025-05-22 18:13:20
Executing query: SELECT * FROM posts ORDER BY date DESC LIMIT 20 at 2025-05-22 18:13:20
Successfully fetched 2 posts at 2025-05-22 18:13:20
Attempting database connection at 2025-05-22 18:14:11
Database connection successful at 2025-05-22 18:14:11
Attempting database connection at 2025-05-22 18:14:11
Database connection successful at 2025-05-22 18:14:11
Database connection included successfully at 2025-05-22 18:14:11
Attempting to fetch posts at 2025-05-22 18:14:11
Executing query: SELECT * FROM posts ORDER BY date DESC LIMIT 20 at 2025-05-22 18:14:11
Successfully fetched 2 posts at 2025-05-22 18:14:11
Attempting database connection at 2025-05-22 18:14:13
Database connection successful at 2025-05-22 18:14:13
Attempting database connection at 2025-05-22 18:14:28
Database connection successful at 2025-05-22 18:14:28
Attempting database connection at 2025-05-22 18:19:07
Database connection successful at 2025-05-22 18:19:07
Attempting database connection at 2025-05-22 18:19:08
Database connection successful at 2025-05-22 18:19:08
Attempting database connection at 2025-05-22 18:19:32
Database connection successful at 2025-05-22 18:19:32
Attempting database connection at 2025-05-22 18:19:35
Database connection successful at 2025-05-22 18:19:35
Attempting database connection at 2025-05-22 18:19:43
Database connection successful at 2025-05-22 18:19:43
Attempting database connection at 2025-05-22 18:19:46
Database connection successful at 2025-05-22 18:19:46
Attempting database connection at 2025-05-22 18:19:46
Database connection successful at 2025-05-22 18:19:46
Database connection included successfully at 2025-05-22 18:19:46
Attempting to fetch posts at 2025-05-22 18:19:46
Executing query: SELECT * FROM posts ORDER BY date DESC LIMIT 20 at 2025-05-22 18:19:46
Successfully fetched 2 posts at 2025-05-22 18:19:46
Attempting database connection at 2025-05-22 18:19:58
Database connection successful at 2025-05-22 18:19:58
Attempting database connection at 2025-05-22 18:20:03
Database connection successful at 2025-05-22 18:20:03
Attempting database connection at 2025-05-22 18:20:03
Database connection successful at 2025-05-22 18:20:03
Database connection included successfully at 2025-05-22 18:20:03
Attempting to fetch posts at 2025-05-22 18:20:03
Executing query: SELECT * FROM posts ORDER BY date DESC LIMIT 20 at 2025-05-22 18:20:03
Successfully fetched 2 posts at 2025-05-22 18:20:03
Attempting database connection at 2025-05-22 18:20:04
Database connection successful at 2025-05-22 18:20:04
Attempting database connection at 2025-05-22 18:20:05
Database connection successful at 2025-05-22 18:20:05
Attempting database connection at 2025-05-22 18:20:05
Database connection successful at 2025-05-22 18:20:05
Database connection included successfully at 2025-05-22 18:20:05
Attempting to fetch posts at 2025-05-22 18:20:05
Executing query: SELECT * FROM posts ORDER BY date DESC LIMIT 20 at 2025-05-22 18:20:05
Successfully fetched 2 posts at 2025-05-22 18:20:05
Attempting database connection at 2025-05-22 18:20:14
Database connection successful at 2025-05-22 18:20:14
Attempting database connection at 2025-05-22 18:20:14
Database connection successful at 2025-05-22 18:20:14
Database connection included successfully at 2025-05-22 18:20:14
Attempting to fetch posts at 2025-05-22 18:20:14
Executing query: SELECT * FROM posts ORDER BY date DESC LIMIT 20 at 2025-05-22 18:20:14
Successfully fetched 2 posts at 2025-05-22 18:20:14
Attempting database connection at 2025-05-22 18:20:20
Database connection successful at 2025-05-22 18:20:20
Attempting database connection at 2025-05-22 18:20:23
Database connection successful at 2025-05-22 18:20:23
Attempting database connection at 2025-05-22 18:20:23
Database connection successful at 2025-05-22 18:20:23
Database connection included successfully at 2025-05-22 18:20:23
Attempting to fetch posts at 2025-05-22 18:20:23
Executing query: SELECT * FROM posts ORDER BY date DESC LIMIT 20 at 2025-05-22 18:20:23
Successfully fetched 2 posts at 2025-05-22 18:20:23
Attempting database connection at 2025-05-22 18:20:43
Database connection successful at 2025-05-22 18:20:43
Attempting database connection at 2025-05-22 18:20:46
Database connection successful at 2025-05-22 18:20:46
Attempting database connection at 2025-05-22 18:20:46
Database connection successful at 2025-05-22 18:20:46
Database connection included successfully at 2025-05-22 18:20:46
Attempting to fetch posts at 2025-05-22 18:20:46
Executing query: SELECT * FROM posts ORDER BY date DESC LIMIT 20 at 2025-05-22 18:20:46
Successfully fetched 2 posts at 2025-05-22 18:20:46
Attempting database connection at 2025-05-22 19:16:38
Database connection successful at 2025-05-22 19:16:38
Attempting database connection at 2025-05-22 19:42:20
Database connection successful at 2025-05-22 19:42:20
Attempting database connection at 2025-05-22 19:42:29
Database connection successful at 2025-05-22 19:42:29
Attempting database connection at 2025-05-22 19:42:31
Database connection successful at 2025-05-22 19:42:31
Attempting database connection at 2025-05-22 19:53:13
Database connection successful at 2025-05-22 19:53:13
Attempting database connection at 2025-05-22 19:53:23
Database connection successful at 2025-05-22 19:53:23
Attempting database connection at 2025-05-22 19:53:29
Database connection successful at 2025-05-22 19:53:29
Attempting database connection at 2025-05-22 19:54:16
Database connection successful at 2025-05-22 19:54:16
Attempting database connection at 2025-05-22 19:54:39
Database connection successful at 2025-05-22 19:54:39
Attempting database connection at 2025-05-22 19:54:55
Database connection successful at 2025-05-22 19:54:55
Attempting database connection at 2025-05-22 20:40:37
Database connection successful at 2025-05-22 20:40:37
Attempting database connection at 2025-05-22 20:58:35
Database connection successful at 2025-05-22 20:58:35
Attempting database connection at 2025-05-22 21:13:55
Database connection successful at 2025-05-22 21:13:55
Attempting database connection at 2025-05-22 21:43:32
Database connection successful at 2025-05-22 21:43:32
Attempting database connection at 2025-05-22 22:52:34
Database connection successful at 2025-05-22 22:52:34
Attempting database connection at 2025-05-22 22:52:42
Database connection successful at 2025-05-22 22:52:42
Attempting database connection at 2025-05-22 23:03:42
Database connection successful at 2025-05-22 23:03:43
Attempting database connection at 2025-05-22 23:04:07
Database connection successful at 2025-05-22 23:04:07
Attempting database connection at 2025-05-22 23:04:33
Database connection successful at 2025-05-22 23:04:33
Attempting database connection at 2025-05-22 23:04:33
Database connection successful at 2025-05-22 23:04:33
Attempting database connection at 2025-05-22 23:04:33
Database connection successful at 2025-05-22 23:04:33
Database connection included successfully at 2025-05-22 23:04:33
Attempting to fetch posts at 2025-05-22 23:04:33
Executing query: SELECT * FROM posts ORDER BY date DESC LIMIT 20 at 2025-05-22 23:04:33
Successfully fetched 2 posts at 2025-05-22 23:04:33
Attempting database connection at 2025-05-22 23:05:02
Database connection successful at 2025-05-22 23:05:02
Attempting database connection at 2025-05-22 23:11:12
Database connection successful at 2025-05-22 23:11:12
Attempting database connection at 2025-05-22 23:11:12
Database connection successful at 2025-05-22 23:11:12
Attempting database connection at 2025-05-22 23:12:29
Database connection successful at 2025-05-22 23:12:29
Attempting database connection at 2025-05-22 23:12:32
Database connection successful at 2025-05-22 23:12:32
Attempting database connection at 2025-05-22 23:12:41
Database connection successful at 2025-05-22 23:12:41
Attempting database connection at 2025-05-22 23:18:04
Database connection successful at 2025-05-22 23:18:04
Attempting database connection at 2025-05-22 23:18:22
Database connection successful at 2025-05-22 23:18:22
Attempting database connection at 2025-05-22 23:18:22
Database connection successful at 2025-05-22 23:18:22
Attempting database connection at 2025-05-22 23:18:22
Database connection successful at 2025-05-22 23:18:22
Database connection included successfully at 2025-05-22 23:18:22
Attempting to fetch posts at 2025-05-22 23:18:22
Executing query: SELECT * FROM posts ORDER BY date DESC LIMIT 20 at 2025-05-22 23:18:22
Successfully fetched 2 posts at 2025-05-22 23:18:22
Attempting database connection at 2025-05-22 23:18:40
Database connection successful at 2025-05-22 23:18:40
Attempting database connection at 2025-05-22 23:19:21
Database connection successful at 2025-05-22 23:19:21
Attempting database connection at 2025-05-22 23:19:21
Database connection successful at 2025-05-22 23:19:21
Database connection included successfully at 2025-05-22 23:19:21
Attempting to fetch posts at 2025-05-22 23:19:21
Executing query: SELECT * FROM posts ORDER BY date DESC LIMIT 20 at 2025-05-22 23:19:21
Successfully fetched 2 posts at 2025-05-22 23:19:21
Attempting database connection at 2025-05-22 23:20:06
Database connection successful at 2025-05-22 23:20:06
Attempting database connection at 2025-05-22 23:20:11
Database connection successful at 2025-05-22 23:20:11
Attempting database connection at 2025-05-22 23:20:11
Database connection successful at 2025-05-22 23:20:11
Database connection included successfully at 2025-05-22 23:20:11
Attempting to fetch posts at 2025-05-22 23:20:11
Executing query: SELECT * FROM posts ORDER BY date DESC LIMIT 20 at 2025-05-22 23:20:11
Successfully fetched 2 posts at 2025-05-22 23:20:11
Attempting database connection at 2025-05-22 23:20:13
Database connection successful at 2025-05-22 23:20:13
Attempting database connection at 2025-05-22 23:20:25
Database connection successful at 2025-05-22 23:20:25
Attempting database connection at 2025-05-22 23:20:34
Database connection successful at 2025-05-22 23:20:34
Attempting database connection at 2025-05-22 23:21:05
Database connection successful at 2025-05-22 23:21:05
Attempting database connection at 2025-05-22 23:21:17
Database connection successful at 2025-05-22 23:21:17
Attempting database connection at 2025-05-22 23:22:41
Database connection successful at 2025-05-22 23:22:41
Attempting database connection at 2025-05-22 23:22:47
Database connection successful at 2025-05-22 23:22:47
Attempting database connection at 2025-05-22 23:22:48
Database connection successful at 2025-05-22 23:22:48
Attempting database connection at 2025-05-22 23:22:58
Database connection successful at 2025-05-22 23:22:58
Attempting database connection at 2025-05-22 23:23:03
Database connection successful at 2025-05-22 23:23:03
Attempting database connection at 2025-05-22 23:23:03
Database connection successful at 2025-05-22 23:23:03
Database connection included successfully at 2025-05-22 23:23:03
Attempting to fetch posts at 2025-05-22 23:23:03
Executing query: SELECT * FROM posts ORDER BY date DESC LIMIT 20 at 2025-05-22 23:23:03
Successfully fetched 2 posts at 2025-05-22 23:23:03
Attempting database connection at 2025-05-22 23:23:18
Database connection successful at 2025-05-22 23:23:18
Attempting database connection at 2025-05-23 00:32:05
Database connection successful at 2025-05-23 00:32:05
Attempting database connection at 2025-05-23 02:37:41
Database connection successful at 2025-05-23 02:37:41
Attempting database connection at 2025-05-23 07:12:35
Database connection successful at 2025-05-23 07:12:35
Attempting database connection at 2025-05-23 08:52:56
Database connection successful at 2025-05-23 08:52:56
Attempting database connection at 2025-05-23 08:53:19
Database connection successful at 2025-05-23 08:53:19
Attempting database connection at 2025-05-23 08:54:04
Database connection successful at 2025-05-23 08:54:04
Attempting database connection at 2025-05-23 08:54:04
Database connection successful at 2025-05-23 08:54:04
Attempting database connection at 2025-05-23 08:54:05
Database connection successful at 2025-05-23 08:54:05
Database connection included successfully at 2025-05-23 08:54:05
Attempting to fetch posts at 2025-05-23 08:54:05
Executing query: SELECT * FROM posts ORDER BY date DESC LIMIT 20 at 2025-05-23 08:54:05
Successfully fetched 2 posts at 2025-05-23 08:54:05
Attempting database connection at 2025-05-23 08:54:16
Database connection successful at 2025-05-23 08:54:16
Attempting database connection at 2025-05-23 08:54:20
Database connection successful at 2025-05-23 08:54:20
Attempting database connection at 2025-05-23 09:09:07
Database connection successful at 2025-05-23 09:09:07
Attempting database connection at 2025-05-23 09:10:36
Database connection successful at 2025-05-23 09:10:36
Attempting database connection at 2025-05-23 09:12:38
Database connection successful at 2025-05-23 09:12:38
Attempting database connection at 2025-05-23 09:12:54
Database connection successful at 2025-05-23 09:12:54
Attempting database connection at 2025-05-23 09:13:08
Database connection successful at 2025-05-23 09:13:08
Attempting database connection at 2025-05-23 09:13:16
Database connection successful at 2025-05-23 09:13:16
Attempting database connection at 2025-05-23 09:13:24
Database connection successful at 2025-05-23 09:13:24
Attempting database connection at 2025-05-23 09:14:09
Database connection successful at 2025-05-23 09:14:09
Attempting database connection at 2025-05-23 09:15:02
Database connection successful at 2025-05-23 09:15:02
Attempting database connection at 2025-05-23 09:15:32
Database connection successful at 2025-05-23 09:15:32
Attempting database connection at 2025-05-23 09:18:01
Database connection successful at 2025-05-23 09:18:01
Attempting database connection at 2025-05-23 09:18:31
Database connection successful at 2025-05-23 09:18:31
Attempting database connection at 2025-05-23 09:18:37
Database connection successful at 2025-05-23 09:18:37
Attempting database connection at 2025-05-23 09:19:16
Database connection successful at 2025-05-23 09:19:16
Attempting database connection at 2025-05-23 09:35:49
Database connection successful at 2025-05-23 09:35:49
Attempting database connection at 2025-05-23 09:36:21
Database connection successful at 2025-05-23 09:36:21
Attempting database connection at 2025-05-23 09:39:34
Database connection successful at 2025-05-23 09:39:34
Attempting database connection at 2025-05-23 09:39:34
Database connection successful at 2025-05-23 09:39:34
Attempting database connection at 2025-05-23 09:45:03
Database connection successful at 2025-05-23 09:45:03
Attempting database connection at 2025-05-23 09:45:05
Database connection successful at 2025-05-23 09:45:05
Attempting database connection at 2025-05-23 09:45:06
Database connection successful at 2025-05-23 09:45:06
Attempting database connection at 2025-05-23 09:45:07
Database connection successful at 2025-05-23 09:45:07
Attempting database connection at 2025-05-23 09:45:56
Database connection successful at 2025-05-23 09:45:56
Attempting database connection at 2025-05-23 09:46:08
Database connection successful at 2025-05-23 09:46:08
Attempting database connection at 2025-05-23 09:50:11
Database connection successful at 2025-05-23 09:50:11
Attempting database connection at 2025-05-23 09:50:12
Database connection successful at 2025-05-23 09:50:12
Attempting database connection at 2025-05-23 09:50:55
Database connection successful at 2025-05-23 09:50:55
Attempting database connection at 2025-05-23 09:50:59
Database connection successful at 2025-05-23 09:50:59
Attempting database connection at 2025-05-23 09:52:27
Database connection successful at 2025-05-23 09:52:27
Attempting database connection at 2025-05-23 09:52:31
Database connection successful at 2025-05-23 09:52:31
Attempting database connection at 2025-05-23 09:53:34
Database connection successful at 2025-05-23 09:53:34
Attempting database connection at 2025-05-23 09:54:27
Database connection successful at 2025-05-23 09:54:27
Attempting database connection at 2025-05-23 09:54:44
Database connection successful at 2025-05-23 09:54:44
Attempting database connection at 2025-05-23 09:55:06
Database connection successful at 2025-05-23 09:55:06
Attempting database connection at 2025-05-23 09:56:31
Database connection successful at 2025-05-23 09:56:31
Attempting database connection at 2025-05-23 10:02:23
Database connection successful at 2025-05-23 10:02:23
Attempting database connection at 2025-05-23 10:03:47
Database connection successful at 2025-05-23 10:03:47
Attempting database connection at 2025-05-23 10:03:48
Database connection successful at 2025-05-23 10:03:48
Attempting database connection at 2025-05-23 10:03:48
Database connection successful at 2025-05-23 10:03:48
Attempting database connection at 2025-05-23 10:03:48
Database connection successful at 2025-05-23 10:03:48
Attempting database connection at 2025-05-23 10:03:48
Database connection successful at 2025-05-23 10:03:48
Attempting database connection at 2025-05-23 10:03:49
Database connection successful at 2025-05-23 10:03:49
Attempting database connection at 2025-05-23 16:30:57
Database connection successful at 2025-05-23 16:30:57
Attempting database connection at 2025-05-23 16:30:58
Database connection successful at 2025-05-23 16:30:58
Attempting database connection at 2025-05-23 16:31:12
Database connection successful at 2025-05-23 16:31:12
Attempting database connection at 2025-05-23 16:31:25
Database connection successful at 2025-05-23 16:31:25
Attempting database connection at 2025-05-23 16:31:35
Database connection successful at 2025-05-23 16:31:35
Attempting database connection at 2025-05-23 16:31:40
Database connection successful at 2025-05-23 16:31:40
Attempting database connection at 2025-05-23 16:33:09
Database connection successful at 2025-05-23 16:33:09
Attempting database connection at 2025-05-26 09:14:04
Database connection successful at 2025-05-26 09:14:04
Attempting database connection at 2025-05-26 09:14:11
Database connection successful at 2025-05-26 09:14:11
Attempting database connection at 2025-05-26 09:14:25
Database connection successful at 2025-05-26 09:14:25
Attempting database connection at 2025-05-26 09:14:26
Database connection successful at 2025-05-26 09:14:26
Attempting database connection at 2025-05-26 09:15:02
Database connection successful at 2025-05-26 09:15:02
Attempting database connection at 2025-05-26 09:15:02
Database connection successful at 2025-05-26 09:15:02
Attempting database connection at 2025-05-26 09:15:03
Database connection successful at 2025-05-26 09:15:03
Attempting database connection at 2025-05-26 09:15:22
Database connection successful at 2025-05-26 09:15:22
Attempting database connection at 2025-05-26 09:15:24
Database connection successful at 2025-05-26 09:15:24
Attempting database connection at 2025-05-26 09:28:04
Database connection successful at 2025-05-26 09:28:04
Attempting database connection at 2025-05-26 09:28:10
Database connection successful at 2025-05-26 09:28:10
Attempting database connection at 2025-05-26 09:29:31
Database connection successful at 2025-05-26 09:29:31
Attempting database connection at 2025-05-26 09:29:34
Database connection successful at 2025-05-26 09:29:34
Attempting database connection at 2025-05-26 09:29:46
Database connection successful at 2025-05-26 09:29:46
Attempting database connection at 2025-05-26 09:29:49
Database connection successful at 2025-05-26 09:29:49
Attempting database connection at 2025-05-26 09:36:07
Database connection successful at 2025-05-26 09:36:07
Attempting database connection at 2025-05-26 09:41:26
Database connection successful at 2025-05-26 09:41:26
Attempting database connection at 2025-05-26 09:41:29
Database connection successful at 2025-05-26 09:41:29
Attempting database connection at 2025-05-26 09:49:31
Database connection successful at 2025-05-26 09:49:31
Attempting database connection at 2025-05-26 09:49:39
Database connection successful at 2025-05-26 09:49:39
Attempting database connection at 2025-05-26 09:49:44
Database connection successful at 2025-05-26 09:49:44
Attempting database connection at 2025-05-26 09:58:56
Database connection successful at 2025-05-26 09:58:56
Attempting database connection at 2025-05-26 09:59:14
Database connection successful at 2025-05-26 09:59:14
Attempting database connection at 2025-05-26 09:59:17
Database connection successful at 2025-05-26 09:59:17
Attempting database connection at 2025-05-26 09:59:40
Database connection successful at 2025-05-26 09:59:40
Attempting database connection at 2025-05-26 10:01:47
Database connection successful at 2025-05-26 10:01:47
Attempting database connection at 2025-05-26 11:54:29
Database connection successful at 2025-05-26 11:54:29
Attempting database connection at 2025-05-26 11:55:11
Database connection successful at 2025-05-26 11:55:11
Attempting database connection at 2025-05-26 11:55:49
Database connection successful at 2025-05-26 11:55:49
Attempting database connection at 2025-05-26 11:55:57
Database connection successful at 2025-05-26 11:55:57
Attempting database connection at 2025-05-26 11:59:30
Database connection successful at 2025-05-26 11:59:30
Attempting database connection at 2025-05-26 11:59:59
Database connection successful at 2025-05-26 11:59:59
Attempting database connection at 2025-05-26 12:02:35
Database connection successful at 2025-05-26 12:02:35
Attempting database connection at 2025-05-26 12:05:39
Database connection successful at 2025-05-26 12:05:39
Attempting database connection at 2025-05-26 13:14:17
Database connection successful at 2025-05-26 13:14:17
Attempting database connection at 2025-05-26 13:56:27
Database connection successful at 2025-05-26 13:56:27
Attempting database connection at 2025-05-30 15:50:19
Database connection successful at 2025-05-30 15:50:19
Attempting database connection at 2025-05-30 15:55:07
Database connection successful at 2025-05-30 15:55:07
Attempting database connection at 2025-05-30 15:55:07
Database connection successful at 2025-05-30 15:55:07
Attempting database connection at 2025-05-30 15:58:40
Database connection successful at 2025-05-30 15:58:40
Attempting database connection at 2025-05-30 15:59:10
Database connection successful at 2025-05-30 15:59:10
Attempting database connection at 2025-05-30 15:59:12
Database connection successful at 2025-05-30 15:59:12
Attempting database connection at 2025-05-30 16:28:37
Database connection successful at 2025-05-30 16:28:37
Attempting database connection at 2025-05-30 16:30:07
Database connection successful at 2025-05-30 16:30:07
Attempting database connection at 2025-05-30 16:34:40
Database connection successful at 2025-05-30 16:34:40
Attempting database connection at 2025-05-30 16:34:56
Database connection successful at 2025-05-30 16:34:56
Attempting database connection at 2025-05-30 16:36:45
Database connection successful at 2025-05-30 16:36:45
Attempting database connection at 2025-05-30 16:37:52
Database connection successful at 2025-05-30 16:37:52
Attempting database connection at 2025-05-30 16:38:32
Database connection successful at 2025-05-30 16:38:32
Attempting database connection at 2025-05-30 16:47:45
Database connection successful at 2025-05-30 16:47:45
Attempting database connection at 2025-05-30 16:51:45
Database connection successful at 2025-05-30 16:51:45
Attempting database connection at 2025-05-30 16:52:07
Database connection successful at 2025-05-30 16:52:07
Attempting database connection at 2025-05-30 16:52:19
Database connection successful at 2025-05-30 16:52:19
Attempting database connection at 2025-05-30 16:52:25
Database connection successful at 2025-05-30 16:52:25
Attempting database connection at 2025-05-30 17:06:01
Database connection successful at 2025-05-30 17:06:01
Attempting database connection at 2025-05-30 17:06:02
Database connection successful at 2025-05-30 17:06:02
Attempting database connection at 2025-05-30 17:10:59
Database connection successful at 2025-05-30 17:10:59
Attempting database connection at 2025-05-30 17:11:26
Database connection successful at 2025-05-30 17:11:26
Attempting database connection at 2025-05-30 17:11:55
Database connection successful at 2025-05-30 17:11:55
Attempting database connection at 2025-05-30 17:11:56
Database connection successful at 2025-05-30 17:11:56
Attempting database connection at 2025-05-30 17:11:57
Database connection successful at 2025-05-30 17:11:57
Attempting database connection at 2025-05-30 17:11:57
Database connection successful at 2025-05-30 17:11:57
Attempting database connection at 2025-05-30 17:11:57
Database connection successful at 2025-05-30 17:11:57
Attempting database connection at 2025-05-30 17:11:58
Database connection successful at 2025-05-30 17:11:58
Attempting database connection at 2025-05-30 17:11:58
Database connection successful at 2025-05-30 17:11:58
Attempting database connection at 2025-05-30 17:11:59
Database connection successful at 2025-05-30 17:11:59
Attempting database connection at 2025-05-30 17:11:59
Database connection successful at 2025-05-30 17:11:59
Attempting database connection at 2025-05-30 17:12:15
Database connection successful at 2025-05-30 17:12:15
Attempting database connection at 2025-05-30 17:14:00
Database connection successful at 2025-05-30 17:14:00
Attempting database connection at 2025-05-30 17:14:29
Database connection successful at 2025-05-30 17:14:29
Attempting database connection at 2025-05-30 17:33:03
Database connection successful at 2025-05-30 17:33:03
Attempting database connection at 2025-05-30 17:33:09
Database connection successful at 2025-05-30 17:33:09
Attempting database connection at 2025-05-30 17:33:22
Database connection successful at 2025-05-30 17:33:22
Attempting database connection at 2025-05-30 17:33:58
Database connection successful at 2025-05-30 17:33:58
Attempting database connection at 2025-05-30 17:34:01
Database connection successful at 2025-05-30 17:34:01
Attempting database connection at 2025-05-30 17:34:23
Database connection successful at 2025-05-30 17:34:23
Attempting database connection at 2025-05-30 17:34:37
Database connection successful at 2025-05-30 17:34:37
Attempting database connection at 2025-05-30 17:39:40
Database connection successful at 2025-05-30 17:39:40
Attempting database connection at 2025-05-30 17:39:43
Database connection successful at 2025-05-30 17:39:43
Attempting database connection at 2025-05-30 17:40:08
Database connection successful at 2025-05-30 17:40:08
Attempting database connection at 2025-05-30 17:44:20
Database connection successful at 2025-05-30 17:44:21
Attempting database connection at 2025-05-30 17:44:47
Database connection successful at 2025-05-30 17:44:47
Attempting database connection at 2025-05-30 17:47:05
Database connection successful at 2025-05-30 17:47:05
Attempting database connection at 2025-05-30 17:48:45
Database connection successful at 2025-05-30 17:48:45
Attempting database connection at 2025-05-30 17:48:47
Database connection successful at 2025-05-30 17:48:47
Attempting database connection at 2025-05-30 17:48:47
Database connection successful at 2025-05-30 17:48:47
Attempting database connection at 2025-05-30 17:48:47
Database connection successful at 2025-05-30 17:48:47
Attempting database connection at 2025-05-30 17:48:47
Database connection successful at 2025-05-30 17:48:47
Attempting database connection at 2025-05-30 17:48:50
Database connection successful at 2025-05-30 17:48:50
Attempting database connection at 2025-05-30 17:48:52
Database connection successful at 2025-05-30 17:48:52
Attempting database connection at 2025-05-30 17:48:53
Database connection successful at 2025-05-30 17:48:53
Attempting database connection at 2025-05-30 17:49:19
Database connection successful at 2025-05-30 17:49:19
Attempting database connection at 2025-05-30 17:50:48
Database connection successful at 2025-05-30 17:50:48
Attempting database connection at 2025-05-30 17:51:10
Database connection successful at 2025-05-30 17:51:10
Attempting database connection at 2025-05-30 17:55:32
Database connection successful at 2025-05-30 17:55:32
Attempting database connection at 2025-05-30 18:39:23
Database connection successful at 2025-05-30 18:39:23
Attempting database connection at 2025-05-30 18:40:59
Database connection successful at 2025-05-30 18:40:59
Attempting database connection at 2025-05-30 20:07:52
Database connection successful at 2025-05-30 20:07:52
Attempting database connection at 2025-05-30 20:11:02
Database connection successful at 2025-05-30 20:11:02
Attempting database connection at 2025-05-30 20:11:13
Database connection successful at 2025-05-30 20:11:13
Attempting database connection at 2025-05-31 10:34:54
Database connection successful at 2025-05-31 10:34:54
Attempting database connection at 2025-05-31 10:35:04
Database connection successful at 2025-05-31 10:35:04
Attempting database connection at 2025-05-31 10:35:11
Database connection successful at 2025-05-31 10:35:11
Attempting database connection at 2025-05-31 10:35:27
Database connection successful at 2025-05-31 10:35:27
Attempting database connection at 2025-05-31 10:35:33
Database connection successful at 2025-05-31 10:35:33
Attempting database connection at 2025-05-31 10:35:38
Database connection successful at 2025-05-31 10:35:38
Attempting database connection at 2025-05-31 10:35:42
Database connection successful at 2025-05-31 10:35:42
Attempting database connection at 2025-05-31 10:35:55
Database connection successful at 2025-05-31 10:35:55
Attempting database connection at 2025-05-31 10:36:09
Database connection successful at 2025-05-31 10:36:09
Attempting database connection at 2025-05-31 15:31:33
Database connection successful at 2025-05-31 15:31:33
Attempting database connection at 2025-05-31 16:14:54
Database connection successful at 2025-05-31 16:14:54
Attempting database connection at 2025-05-31 16:16:08
Database connection successful at 2025-05-31 16:16:08
Attempting database connection at 2025-05-31 21:44:14
Database connection successful at 2025-05-31 21:44:14
Attempting database connection at 2025-06-01 07:22:58
Database connection successful at 2025-06-01 07:22:58
Attempting database connection at 2025-06-01 07:34:08
Database connection successful at 2025-06-01 07:34:08
Attempting database connection at 2025-06-01 09:27:53
Database connection successful at 2025-06-01 09:27:53
Attempting database connection at 2025-06-01 09:46:33
Database connection successful at 2025-06-01 09:46:33
Attempting database connection at 2025-06-01 09:47:44
Database connection successful at 2025-06-01 09:47:44
Attempting database connection at 2025-06-01 09:47:44
Database connection successful at 2025-06-01 09:47:44
Attempting database connection at 2025-06-01 14:59:01
Database connection successful at 2025-06-01 14:59:01
Attempting database connection at 2025-06-01 20:00:42
Database connection successful at 2025-06-01 20:00:42
Attempting database connection at 2025-06-01 20:00:55
Database connection successful at 2025-06-01 20:00:55
Attempting database connection at 2025-06-01 20:01:42
Database connection successful at 2025-06-01 20:01:42
Attempting database connection at 2025-06-01 20:02:34
Database connection successful at 2025-06-01 20:02:34
Attempting database connection at 2025-06-01 20:02:36
Database connection successful at 2025-06-01 20:02:36
Attempting database connection at 2025-06-01 20:02:40
Database connection successful at 2025-06-01 20:02:40
Attempting database connection at 2025-06-01 20:02:45
Database connection successful at 2025-06-01 20:02:45
Attempting database connection at 2025-06-01 20:22:25
Database connection successful at 2025-06-01 20:22:25
Attempting database connection at 2025-06-01 20:22:31
Database connection successful at 2025-06-01 20:22:31
Attempting database connection at 2025-06-01 20:56:29
Database connection successful at 2025-06-01 20:56:29
Attempting database connection at 2025-06-01 20:56:34
Database connection successful at 2025-06-01 20:56:34
Attempting database connection at 2025-06-02 00:36:37
Database connection successful at 2025-06-02 00:36:37
Attempting database connection at 2025-06-02 01:22:59
Database connection successful at 2025-06-02 01:22:59
Attempting database connection at 2025-06-02 03:31:04
Database connection successful at 2025-06-02 03:31:04
Attempting database connection at 2025-06-02 08:04:42
Database connection successful at 2025-06-02 08:04:42
Attempting database connection at 2025-06-02 09:00:20
Database connection successful at 2025-06-02 09:00:20
Attempting database connection at 2025-06-02 09:04:24
Database connection successful at 2025-06-02 09:04:24
Attempting database connection at 2025-06-02 09:07:42
Database connection successful at 2025-06-02 09:07:42
Attempting database connection at 2025-06-02 09:10:43
Database connection successful at 2025-06-02 09:10:43
Attempting database connection at 2025-06-02 09:13:08
Database connection successful at 2025-06-02 09:13:08
Attempting database connection at 2025-06-02 09:13:23
Database connection successful at 2025-06-02 09:13:23
Attempting database connection at 2025-06-02 09:14:42
Database connection successful at 2025-06-02 09:14:42
Attempting database connection at 2025-06-02 09:16:21
Database connection successful at 2025-06-02 09:16:21
Attempting database connection at 2025-06-02 09:17:40
Database connection successful at 2025-06-02 09:17:40
Attempting database connection at 2025-06-02 09:18:47
Database connection successful at 2025-06-02 09:18:47
Attempting database connection at 2025-06-02 09:21:19
Database connection successful at 2025-06-02 09:21:19
Attempting database connection at 2025-06-02 09:21:58
Database connection successful at 2025-06-02 09:21:58
Attempting database connection at 2025-06-02 09:22:11
Database connection successful at 2025-06-02 09:22:11
Attempting database connection at 2025-06-02 09:22:40
Database connection successful at 2025-06-02 09:22:40
Attempting database connection at 2025-06-02 09:22:44
Database connection successful at 2025-06-02 09:22:44
Attempting database connection at 2025-06-02 09:22:50
Database connection successful at 2025-06-02 09:22:50
Attempting database connection at 2025-06-02 09:24:04
Database connection successful at 2025-06-02 09:24:04
Attempting database connection at 2025-06-02 09:38:29
Database connection successful at 2025-06-02 09:38:29
Attempting database connection at 2025-06-02 09:47:50
Database connection successful at 2025-06-02 09:47:50
Attempting database connection at 2025-06-02 09:47:56
Database connection successful at 2025-06-02 09:47:56
Attempting database connection at 2025-06-02 10:17:55
Database connection successful at 2025-06-02 10:17:55
Attempting database connection at 2025-06-02 10:18:02
Database connection successful at 2025-06-02 10:18:02
Attempting database connection at 2025-06-02 10:18:03
Database connection successful at 2025-06-02 10:18:03
Attempting database connection at 2025-06-02 10:18:06
Database connection successful at 2025-06-02 10:18:06
Attempting database connection at 2025-06-02 10:18:14
Database connection successful at 2025-06-02 10:18:14
Attempting database connection at 2025-06-02 10:18:16
Database connection successful at 2025-06-02 10:18:16
Attempting database connection at 2025-06-02 10:18:58
Database connection successful at 2025-06-02 10:18:58
Attempting database connection at 2025-06-02 10:19:41
Database connection successful at 2025-06-02 10:19:41
Attempting database connection at 2025-06-02 10:20:31
Database connection successful at 2025-06-02 10:20:31
Attempting database connection at 2025-06-02 10:21:18
Database connection successful at 2025-06-02 10:21:18
Attempting database connection at 2025-06-02 10:21:45
Database connection successful at 2025-06-02 10:21:45
Attempting database connection at 2025-06-02 10:21:47
Database connection successful at 2025-06-02 10:21:47
Attempting database connection at 2025-06-02 10:21:49
Database connection successful at 2025-06-02 10:21:49
Attempting database connection at 2025-06-02 10:21:52
Database connection successful at 2025-06-02 10:21:52
Attempting database connection at 2025-06-02 10:22:35
Database connection successful at 2025-06-02 10:22:35
Attempting database connection at 2025-06-02 10:32:42
Database connection successful at 2025-06-02 10:32:42
Attempting database connection at 2025-06-02 10:35:12
Database connection successful at 2025-06-02 10:35:12
Attempting database connection at 2025-06-02 11:02:27
Database connection successful at 2025-06-02 11:02:27
Attempting database connection at 2025-06-02 11:02:28
Database connection successful at 2025-06-02 11:02:28
Attempting database connection at 2025-06-02 11:04:04
Database connection successful at 2025-06-02 11:04:04
Attempting database connection at 2025-06-02 11:04:04
Database connection successful at 2025-06-02 11:04:04
Attempting database connection at 2025-06-02 11:06:09
Database connection successful at 2025-06-02 11:06:09
Attempting database connection at 2025-06-02 11:06:09
Database connection successful at 2025-06-02 11:06:09
Attempting database connection at 2025-06-02 12:16:11
Database connection successful at 2025-06-02 12:16:11
Attempting database connection at 2025-06-02 12:16:12
Database connection successful at 2025-06-02 12:16:12
Attempting database connection at 2025-06-02 13:22:18
Database connection successful at 2025-06-02 13:22:18
Attempting database connection at 2025-06-02 13:40:33
Database connection successful at 2025-06-02 13:40:33
Attempting database connection at 2025-06-02 13:40:50
Database connection successful at 2025-06-02 13:40:50
Attempting database connection at 2025-06-02 14:03:57
Database connection successful at 2025-06-02 14:03:57
Attempting database connection at 2025-06-02 14:46:51
Database connection successful at 2025-06-02 14:46:51
Attempting database connection at 2025-06-02 14:46:57
Database connection successful at 2025-06-02 14:46:57
Attempting database connection at 2025-06-02 14:47:02
Database connection successful at 2025-06-02 14:47:02
Attempting database connection at 2025-06-02 14:47:17
Database connection successful at 2025-06-02 14:47:17
Attempting database connection at 2025-06-02 14:47:41
Database connection successful at 2025-06-02 14:47:41
Attempting database connection at 2025-06-02 14:47:55
Database connection successful at 2025-06-02 14:47:55
Attempting database connection at 2025-06-02 14:48:02
Database connection successful at 2025-06-02 14:48:02
Attempting database connection at 2025-06-02 14:58:44
Database connection successful at 2025-06-02 14:58:44
Attempting database connection at 2025-06-02 14:59:40
Database connection successful at 2025-06-02 14:59:40
Attempting database connection at 2025-08-18 13:39:55
Database connection successful at 2025-08-18 13:39:55
Attempting database connection at 2025-08-18 14:20:08
Database connection successful at 2025-08-18 14:20:08
Attempting database connection at 2025-08-18 14:20:27
Database connection successful at 2025-08-18 14:20:27
Attempting database connection at 2025-08-18 14:20:28
Database connection successful at 2025-08-18 14:20:28
Attempting database connection at 2025-08-18 14:20:28
Database connection successful at 2025-08-18 14:20:28
Attempting database connection at 2025-08-18 14:20:28
Database connection successful at 2025-08-18 14:20:28
Attempting database connection at 2025-08-18 14:20:35
Database connection successful at 2025-08-18 14:20:35
Attempting database connection at 2025-08-18 14:20:39
Database connection successful at 2025-08-18 14:20:39
Attempting database connection at 2025-08-18 14:20:41
Database connection successful at 2025-08-18 14:20:41
Attempting database connection at 2025-08-18 14:20:42
Database connection successful at 2025-08-18 14:20:42
Attempting database connection at 2025-08-18 14:20:42
Database connection successful at 2025-08-18 14:20:42
Database connection included successfully at 2025-08-18 14:20:42
Attempting to fetch posts at 2025-08-18 14:20:42
Executing query: SELECT * FROM posts ORDER BY date DESC LIMIT 20 at 2025-08-18 14:20:42
Successfully fetched 4 posts at 2025-08-18 14:20:42
Outputting JSON response at 2025-08-18 14:20:42
Attempting database connection at 2025-08-18 14:20:43
Database connection successful at 2025-08-18 14:20:43
Attempting database connection at 2025-08-18 14:27:17
Database connection successful at 2025-08-18 14:27:17
Attempting database connection at 2025-08-18 14:27:17
Database connection successful at 2025-08-18 14:27:17
Attempting database connection at 2025-08-18 14:34:37
Database connection successful at 2025-08-18 14:34:37
Attempting database connection at 2025-08-18 14:35:26
Database connection successful at 2025-08-18 14:35:26
Attempting database connection at 2025-08-18 14:35:26
Database connection successful at 2025-08-18 14:35:26
Attempting database connection at 2025-08-18 14:35:26
Database connection successful at 2025-08-18 14:35:26
Attempting database connection at 2025-08-18 14:49:14
Database connection successful at 2025-08-18 14:49:14
Attempting database connection at 2025-08-18 14:49:29
Database connection successful at 2025-08-18 14:49:29
Attempting database connection at 2025-08-18 14:49:30
Database connection successful at 2025-08-18 14:49:30
Attempting database connection at 2025-08-18 14:49:30
Database connection successful at 2025-08-18 14:49:30
Database connection included successfully at 2025-08-18 14:49:30
Attempting to fetch posts at 2025-08-18 14:49:30
Executing query: SELECT * FROM posts ORDER BY date DESC LIMIT 20 at 2025-08-18 14:49:30
Successfully fetched 4 posts at 2025-08-18 14:49:30
Outputting JSON response at 2025-08-18 14:49:30
Attempting database connection at 2025-08-18 14:49:34
Database connection successful at 2025-08-18 14:49:34
Attempting database connection at 2025-08-18 14:49:43
Database connection successful at 2025-08-18 14:49:43
Attempting database connection at 2025-08-18 14:49:43
Database connection successful at 2025-08-18 14:49:43
Database connection included successfully at 2025-08-18 14:49:43
Attempting to fetch posts at 2025-08-18 14:49:43
Executing query: SELECT * FROM posts ORDER BY date DESC LIMIT 20 at 2025-08-18 14:49:43
Successfully fetched 4 posts at 2025-08-18 14:49:43
Outputting JSON response at 2025-08-18 14:49:43
Attempting database connection at 2025-08-18 14:49:58
Database connection successful at 2025-08-18 14:49:58
Attempting database connection at 2025-08-18 14:50:20
Database connection successful at 2025-08-18 14:50:20
Attempting database connection at 2025-08-18 14:50:54
Database connection successful at 2025-08-18 14:50:54
Attempting database connection at 2025-08-18 14:52:32
Database connection successful at 2025-08-18 14:52:32
Attempting database connection at 2025-08-18 14:52:38
Database connection successful at 2025-08-18 14:52:38
Attempting database connection at 2025-08-18 14:52:38
Database connection successful at 2025-08-18 14:52:38
Attempting database connection at 2025-08-18 14:52:38
Database connection successful at 2025-08-18 14:52:38
Database connection included successfully at 2025-08-18 14:52:38
Attempting to fetch posts at 2025-08-18 14:52:38
Executing query: SELECT * FROM posts ORDER BY date DESC LIMIT 20 at 2025-08-18 14:52:38
Successfully fetched 4 posts at 2025-08-18 14:52:38
Outputting JSON response at 2025-08-18 14:52:38
Attempting database connection at 2025-08-18 14:53:14
Database connection successful at 2025-08-18 14:53:14
Attempting database connection at 2025-08-18 14:53:15
Database connection successful at 2025-08-18 14:53:15
Attempting database connection at 2025-08-18 14:53:15
Database connection successful at 2025-08-18 14:53:15
Attempting database connection at 2025-08-18 14:53:15
Database connection successful at 2025-08-18 14:53:15
Attempting database connection at 2025-08-18 14:53:16
Database connection successful at 2025-08-18 14:53:16
Attempting database connection at 2025-08-18 14:53:16
Database connection successful at 2025-08-18 14:53:16
Attempting database connection at 2025-08-18 14:53:16
Database connection successful at 2025-08-18 14:53:16
Attempting database connection at 2025-08-18 14:53:16
Database connection successful at 2025-08-18 14:53:16
Attempting database connection at 2025-08-18 14:53:16
Database connection successful at 2025-08-18 14:53:16
Attempting database connection at 2025-08-18 14:53:16
Database connection successful at 2025-08-18 14:53:16
Attempting database connection at 2025-08-18 14:53:17
Database connection successful at 2025-08-18 14:53:17
Attempting database connection at 2025-08-18 14:53:17
Database connection successful at 2025-08-18 14:53:17
Attempting database connection at 2025-08-18 14:53:17
Database connection successful at 2025-08-18 14:53:17
Attempting database connection at 2025-08-18 14:53:17
Database connection successful at 2025-08-18 14:53:17
Attempting database connection at 2025-08-18 14:53:20
Database connection successful at 2025-08-18 14:53:20
Attempting database connection at 2025-08-18 14:53:29
Database connection successful at 2025-08-18 14:53:29
Attempting database connection at 2025-08-18 14:53:29
Database connection successful at 2025-08-18 14:53:29
Attempting database connection at 2025-08-18 14:53:29
Database connection successful at 2025-08-18 14:53:29
Database connection included successfully at 2025-08-18 14:53:29
Attempting to fetch posts at 2025-08-18 14:53:29
Executing query: SELECT * FROM posts ORDER BY date DESC LIMIT 20 at 2025-08-18 14:53:29
Successfully fetched 4 posts at 2025-08-18 14:53:29
Outputting JSON response at 2025-08-18 14:53:29
Attempting database connection at 2025-08-18 14:53:40
Database connection successful at 2025-08-18 14:53:40
Attempting database connection at 2025-08-18 14:58:51
Database connection successful at 2025-08-18 14:58:51
Attempting database connection at 2025-08-18 14:59:00
Database connection successful at 2025-08-18 14:59:00
Attempting database connection at 2025-08-18 15:02:03
Database connection successful at 2025-08-18 15:02:03
Attempting database connection at 2025-08-18 15:02:03
Database connection successful at 2025-08-18 15:02:03
Database connection included successfully at 2025-08-18 15:02:03
Attempting to fetch posts at 2025-08-18 15:02:03
Executing query: SELECT * FROM posts ORDER BY date DESC LIMIT 20 at 2025-08-18 15:02:03
Successfully fetched 4 posts at 2025-08-18 15:02:03
Outputting JSON response at 2025-08-18 15:02:03
Attempting database connection at 2025-08-18 15:02:06
Database connection successful at 2025-08-18 15:02:06
Attempting database connection at 2025-08-18 15:02:06
Database connection successful at 2025-08-18 15:02:06
Database connection included successfully at 2025-08-18 15:02:06
Attempting to fetch posts at 2025-08-18 15:02:06
Executing query: SELECT * FROM posts ORDER BY date DESC LIMIT 20 at 2025-08-18 15:02:06
Successfully fetched 4 posts at 2025-08-18 15:02:06
Outputting JSON response at 2025-08-18 15:02:06
Attempting database connection at 2025-08-18 15:02:17
Database connection successful at 2025-08-18 15:02:17
Attempting database connection at 2025-08-18 15:05:59
Database connection successful at 2025-08-18 15:05:59
Attempting database connection at 2025-08-18 15:15:19
Database connection successful at 2025-08-18 15:15:19
Attempting database connection at 2025-08-18 15:15:21
Database connection successful at 2025-08-18 15:15:21
Attempting database connection at 2025-08-18 15:15:22
Database connection successful at 2025-08-18 15:15:22
Attempting database connection at 2025-08-18 15:15:22
Database connection successful at 2025-08-18 15:15:22
Attempting database connection at 2025-08-18 15:15:22
Database connection successful at 2025-08-18 15:15:22
Attempting database connection at 2025-08-18 15:15:22
Database connection successful at 2025-08-18 15:15:22
Attempting database connection at 2025-08-18 15:15:23
Database connection successful at 2025-08-18 15:15:23
Attempting database connection at 2025-08-18 15:15:23
Database connection successful at 2025-08-18 15:15:23
Attempting database connection at 2025-08-18 15:15:32
Database connection successful at 2025-08-18 15:15:32
Attempting database connection at 2025-08-18 15:15:35
Database connection successful at 2025-08-18 15:15:35
Attempting database connection at 2025-08-18 15:15:35
Database connection successful at 2025-08-18 15:15:35
Attempting database connection at 2025-08-18 15:15:35
Database connection successful at 2025-08-18 15:15:35
Database connection included successfully at 2025-08-18 15:15:35
Attempting to fetch posts at 2025-08-18 15:15:35
Executing query: SELECT * FROM posts ORDER BY date DESC LIMIT 20 at 2025-08-18 15:15:35
Successfully fetched 4 posts at 2025-08-18 15:15:35
Outputting JSON response at 2025-08-18 15:15:35
Attempting database connection at 2025-08-18 15:15:37
Database connection successful at 2025-08-18 15:15:37
Attempting database connection at 2025-08-18 15:19:16
Database connection successful at 2025-08-18 15:19:16
Attempting database connection at 2025-08-18 15:19:21
Database connection successful at 2025-08-18 15:19:21
Attempting database connection at 2025-08-18 15:19:21
Database connection successful at 2025-08-18 15:19:21
Attempting database connection at 2025-08-18 15:19:21
Database connection successful at 2025-08-18 15:19:21
Database connection included successfully at 2025-08-18 15:19:21
Attempting to fetch posts at 2025-08-18 15:19:21
Executing query: SELECT * FROM posts ORDER BY date DESC LIMIT 20 at 2025-08-18 15:19:21
Successfully fetched 4 posts at 2025-08-18 15:19:21
Outputting JSON response at 2025-08-18 15:19:21
Attempting database connection at 2025-08-18 15:19:23
Database connection successful at 2025-08-18 15:19:23
Attempting database connection at 2025-08-18 15:19:23
Database connection successful at 2025-08-18 15:19:23
Attempting database connection at 2025-08-18 15:19:32
Database connection successful at 2025-08-18 15:19:32
Attempting database connection at 2025-08-18 15:19:33
Database connection successful at 2025-08-18 15:19:33
Attempting database connection at 2025-08-18 15:19:53
Database connection successful at 2025-08-18 15:19:53
Attempting database connection at 2025-08-18 15:20:07
Database connection successful at 2025-08-18 15:20:07
Attempting database connection at 2025-08-18 15:20:07
Database connection successful at 2025-08-18 15:20:07
Attempting database connection at 2025-08-18 15:20:07
Database connection successful at 2025-08-18 15:20:07
Database connection included successfully at 2025-08-18 15:20:07
Attempting to fetch posts at 2025-08-18 15:20:07
Executing query: SELECT * FROM posts ORDER BY date DESC LIMIT 20 at 2025-08-18 15:20:07
Successfully fetched 4 posts at 2025-08-18 15:20:07
Outputting JSON response at 2025-08-18 15:20:07
Attempting database connection at 2025-08-18 15:20:10
Database connection successful at 2025-08-18 15:20:10
Attempting database connection at 2025-08-18 15:20:11
Database connection successful at 2025-08-18 15:20:11
Attempting database connection at 2025-08-18 15:22:44
Database connection successful at 2025-08-18 15:22:44
Attempting database connection at 2025-08-18 15:23:33
Database connection successful at 2025-08-18 15:23:33
Attempting database connection at 2025-08-18 15:23:33
Database connection successful at 2025-08-18 15:23:33
Attempting database connection at 2025-08-18 15:36:22
Database connection successful at 2025-08-18 15:36:22
Attempting database connection at 2025-08-18 15:36:22
Database connection successful at 2025-08-18 15:36:22
Attempting database connection at 2025-08-18 15:36:22
Database connection successful at 2025-08-18 15:36:22
Attempting database connection at 2025-08-18 15:36:23
Database connection successful at 2025-08-18 15:36:23
Attempting database connection at 2025-08-18 15:36:23
Database connection successful at 2025-08-18 15:36:23
Attempting database connection at 2025-08-18 15:36:23
Database connection successful at 2025-08-18 15:36:23
Attempting database connection at 2025-08-18 15:36:37
Database connection successful at 2025-08-18 15:36:37
Attempting database connection at 2025-08-18 15:36:37
Database connection successful at 2025-08-18 15:36:37
Attempting database connection at 2025-08-18 15:36:37
Database connection successful at 2025-08-18 15:36:37
Attempting database connection at 2025-08-18 15:36:37
Database connection successful at 2025-08-18 15:36:37
Attempting database connection at 2025-08-18 15:37:00
Database connection successful at 2025-08-18 15:37:00
Attempting database connection at 2025-08-18 15:37:11
Database connection successful at 2025-08-18 15:37:11
Attempting database connection at 2025-08-18 15:37:13
Database connection successful at 2025-08-18 15:37:13
Attempting database connection at 2025-08-18 15:37:14
Database connection successful at 2025-08-18 15:37:14
Attempting database connection at 2025-08-18 15:37:14
Database connection successful at 2025-08-18 15:37:14
Database connection included successfully at 2025-08-18 15:37:14
Attempting to fetch posts at 2025-08-18 15:37:14
Executing query: SELECT * FROM posts ORDER BY date DESC LIMIT 20 at 2025-08-18 15:37:14
Successfully fetched 4 posts at 2025-08-18 15:37:14
Outputting JSON response at 2025-08-18 15:37:14
Attempting database connection at 2025-08-18 15:37:15
Database connection successful at 2025-08-18 15:37:15
Attempting database connection at 2025-08-18 15:37:16
Database connection successful at 2025-08-18 15:37:16
Attempting database connection at 2025-08-18 15:38:10
Database connection successful at 2025-08-18 15:38:10
Attempting database connection at 2025-08-18 15:38:10
Database connection successful at 2025-08-18 15:38:10
Database connection included successfully at 2025-08-18 15:38:10
Attempting to fetch posts at 2025-08-18 15:38:10
Executing query: SELECT * FROM posts ORDER BY date DESC LIMIT 20 at 2025-08-18 15:38:10
Successfully fetched 4 posts at 2025-08-18 15:38:10
Outputting JSON response at 2025-08-18 15:38:10
Attempting database connection at 2025-08-18 15:38:13
Database connection successful at 2025-08-18 15:38:13
Attempting database connection at 2025-08-18 15:38:13
Database connection successful at 2025-08-18 15:38:13
Attempting database connection at 2025-08-18 15:58:31
Database connection successful at 2025-08-18 15:58:31
Attempting database connection at 2025-08-18 15:58:31
Database connection successful at 2025-08-18 15:58:31
Attempting database connection at 2025-08-18 15:58:31
Database connection successful at 2025-08-18 15:58:31
Attempting database connection at 2025-08-18 15:58:31
Database connection successful at 2025-08-18 15:58:31
Attempting database connection at 2025-08-18 15:59:07
Database connection successful at 2025-08-18 15:59:07
Attempting database connection at 2025-08-18 15:59:07
Database connection successful at 2025-08-18 15:59:07
Attempting database connection at 2025-08-18 15:59:08
Database connection successful at 2025-08-18 15:59:08
Attempting database connection at 2025-08-18 15:59:08
Database connection successful at 2025-08-18 15:59:08
Attempting database connection at 2025-08-18 15:59:08
Database connection successful at 2025-08-18 15:59:08
Attempting database connection at 2025-08-18 15:59:08
Database connection successful at 2025-08-18 15:59:08
Attempting database connection at 2025-08-18 15:59:08
Database connection successful at 2025-08-18 15:59:08
Attempting database connection at 2025-08-18 15:59:08
Database connection successful at 2025-08-18 15:59:08
Attempting database connection at 2025-08-18 16:06:11
Database connection successful at 2025-08-18 16:06:11
Attempting database connection at 2025-08-18 16:06:23
Database connection successful at 2025-08-18 16:06:23
Attempting database connection at 2025-08-18 16:07:58
Database connection successful at 2025-08-18 16:07:58
Attempting database connection at 2025-08-18 16:09:35
Database connection successful at 2025-08-18 16:09:35
Attempting database connection at 2025-08-18 16:09:35
Database connection successful at 2025-08-18 16:09:35
Attempting database connection at 2025-08-18 16:09:36
Database connection successful at 2025-08-18 16:09:36
Attempting database connection at 2025-08-18 16:09:36
Database connection successful at 2025-08-18 16:09:36
Attempting database connection at 2025-08-18 16:09:36
Database connection successful at 2025-08-18 16:09:36
Attempting database connection at 2025-08-18 16:09:36
Database connection successful at 2025-08-18 16:09:36
Attempting database connection at 2025-08-18 16:09:36
Database connection successful at 2025-08-18 16:09:36
Attempting database connection at 2025-08-18 16:09:36
Database connection successful at 2025-08-18 16:09:36
Attempting database connection at 2025-08-18 16:09:36
Database connection successful at 2025-08-18 16:09:36
Attempting database connection at 2025-08-18 16:09:36
Database connection successful at 2025-08-18 16:09:36
Attempting database connection at 2025-08-18 16:14:47
Database connection successful at 2025-08-18 16:14:47
Attempting database connection at 2025-08-18 16:14:47
Database connection successful at 2025-08-18 16:14:47
Database connection included successfully at 2025-08-18 16:14:47
Attempting to fetch posts at 2025-08-18 16:14:47
Executing query: SELECT * FROM posts ORDER BY date DESC LIMIT 20 at 2025-08-18 16:14:47
Successfully fetched 4 posts at 2025-08-18 16:14:47
Outputting JSON response at 2025-08-18 16:14:47
Attempting database connection at 2025-08-18 16:14:49
Database connection successful at 2025-08-18 16:14:49
Attempting database connection at 2025-08-18 16:14:49
Database connection successful at 2025-08-18 16:14:49
Attempting database connection at 2025-08-18 16:14:51
Database connection successful at 2025-08-18 16:14:51
Attempting database connection at 2025-08-18 16:14:51
Database connection successful at 2025-08-18 16:14:51
Attempting database connection at 2025-08-18 16:14:51
Database connection successful at 2025-08-18 16:14:51
Attempting database connection at 2025-08-18 16:14:51
Database connection successful at 2025-08-18 16:14:51
Attempting database connection at 2025-08-18 16:14:52
Database connection successful at 2025-08-18 16:14:52
Attempting database connection at 2025-08-18 16:14:52
Database connection successful at 2025-08-18 16:14:52
Attempting database connection at 2025-08-18 16:14:52
Database connection successful at 2025-08-18 16:14:52
Attempting database connection at 2025-08-18 16:14:52
Database connection successful at 2025-08-18 16:14:52
Attempting database connection at 2025-08-18 16:14:52
Database connection successful at 2025-08-18 16:14:52
Attempting database connection at 2025-08-18 16:14:52
Database connection successful at 2025-08-18 16:14:52
Attempting database connection at 2025-08-18 16:15:16
Database connection successful at 2025-08-18 16:15:16
Attempting database connection at 2025-08-18 16:15:18
Database connection successful at 2025-08-18 16:15:18
Attempting database connection at 2025-08-18 16:15:18
Database connection successful at 2025-08-18 16:15:18
Attempting database connection at 2025-08-18 16:15:18
Database connection successful at 2025-08-18 16:15:18
Database connection included successfully at 2025-08-18 16:15:18
Attempting to fetch posts at 2025-08-18 16:15:18
Executing query: SELECT * FROM posts ORDER BY date DESC LIMIT 20 at 2025-08-18 16:15:18
Successfully fetched 4 posts at 2025-08-18 16:15:18
Outputting JSON response at 2025-08-18 16:15:18
Attempting database connection at 2025-08-18 16:15:20
Database connection successful at 2025-08-18 16:15:20
Attempting database connection at 2025-08-18 16:15:20
Database connection successful at 2025-08-18 16:15:20
Attempting database connection at 2025-08-18 16:17:47
Database connection successful at 2025-08-18 16:17:47
Attempting database connection at 2025-08-18 16:17:47
Database connection successful at 2025-08-18 16:17:47
Attempting database connection at 2025-08-18 16:18:32
Database connection successful at 2025-08-18 16:18:32
Attempting database connection at 2025-08-18 16:18:33
Database connection successful at 2025-08-18 16:18:33
Attempting database connection at 2025-08-18 16:18:35
Database connection successful at 2025-08-18 16:18:35
Attempting database connection at 2025-08-18 16:18:35
Database connection successful at 2025-08-18 16:18:35
Attempting database connection at 2025-08-18 16:19:03
Database connection successful at 2025-08-18 16:19:03
Attempting database connection at 2025-08-18 16:19:03
Database connection successful at 2025-08-18 16:19:03
Attempting database connection at 2025-08-18 16:19:09
Database connection successful at 2025-08-18 16:19:09
Attempting database connection at 2025-08-18 16:19:09
Database connection successful at 2025-08-18 16:19:09
Attempting database connection at 2025-08-18 16:19:35
Database connection successful at 2025-08-18 16:19:35
Attempting database connection at 2025-08-18 16:19:35
Database connection successful at 2025-08-18 16:19:35
Attempting database connection at 2025-08-18 16:19:35
Database connection successful at 2025-08-18 16:19:35
Attempting database connection at 2025-08-18 16:19:35
Database connection successful at 2025-08-18 16:19:35
Attempting database connection at 2025-08-18 16:19:36
Database connection successful at 2025-08-18 16:19:36
Attempting database connection at 2025-08-18 16:19:36
Database connection successful at 2025-08-18 16:19:36
Attempting database connection at 2025-08-18 16:19:36
Database connection successful at 2025-08-18 16:19:36
Attempting database connection at 2025-08-18 16:19:36
Database connection successful at 2025-08-18 16:19:36
Attempting database connection at 2025-08-18 16:20:11
Database connection successful at 2025-08-18 16:20:11
Attempting database connection at 2025-08-18 16:20:13
Database connection successful at 2025-08-18 16:20:13
Attempting database connection at 2025-08-18 16:20:13
Database connection successful at 2025-08-18 16:20:13
Attempting database connection at 2025-08-18 16:20:13
Database connection successful at 2025-08-18 16:20:13
Database connection included successfully at 2025-08-18 16:20:13
Attempting to fetch posts at 2025-08-18 16:20:13
Executing query: SELECT * FROM posts ORDER BY date DESC LIMIT 20 at 2025-08-18 16:20:13
Successfully fetched 4 posts at 2025-08-18 16:20:13
Outputting JSON response at 2025-08-18 16:20:13
Attempting database connection at 2025-08-18 16:20:15
Database connection successful at 2025-08-18 16:20:15
Attempting database connection at 2025-08-18 16:20:15
Database connection successful at 2025-08-18 16:20:15
Attempting database connection at 2025-08-18 16:21:32
Database connection successful at 2025-08-18 16:21:32
Attempting database connection at 2025-08-18 16:21:32
Database connection successful at 2025-08-18 16:21:32
Attempting database connection at 2025-08-18 16:21:32
Database connection successful at 2025-08-18 16:21:32
Attempting database connection at 2025-08-18 16:21:32
Database connection successful at 2025-08-18 16:21:32
Attempting database connection at 2025-08-18 16:21:33
Database connection successful at 2025-08-18 16:21:33
Attempting database connection at 2025-08-18 16:21:33
Database connection successful at 2025-08-18 16:21:33
Attempting database connection at 2025-08-18 16:21:45
Database connection successful at 2025-08-18 16:21:45
Attempting database connection at 2025-08-18 16:21:47
Database connection successful at 2025-08-18 16:21:47
Attempting database connection at 2025-08-18 16:21:47
Database connection successful at 2025-08-18 16:21:47
Attempting database connection at 2025-08-18 16:21:47
Database connection successful at 2025-08-18 16:21:47
Database connection included successfully at 2025-08-18 16:21:47
Attempting to fetch posts at 2025-08-18 16:21:47
Executing query: SELECT * FROM posts ORDER BY date DESC LIMIT 20 at 2025-08-18 16:21:47
Successfully fetched 4 posts at 2025-08-18 16:21:47
Outputting JSON response at 2025-08-18 16:21:47
Attempting database connection at 2025-08-18 16:21:49
Database connection successful at 2025-08-18 16:21:49
Attempting database connection at 2025-08-18 16:21:49
Database connection successful at 2025-08-18 16:21:49
Attempting database connection at 2025-08-18 16:23:54
Database connection successful at 2025-08-18 16:23:54
Attempting database connection at 2025-08-18 16:23:54
Database connection successful at 2025-08-18 16:23:54
Attempting database connection at 2025-08-18 16:23:55
Database connection successful at 2025-08-18 16:23:55
Attempting database connection at 2025-08-18 16:23:55
Database connection successful at 2025-08-18 16:23:55
Attempting database connection at 2025-08-18 16:24:28
Database connection successful at 2025-08-18 16:24:28
Attempting database connection at 2025-08-18 16:24:28
Database connection successful at 2025-08-18 16:24:28
Attempting database connection at 2025-08-18 16:24:28
Database connection successful at 2025-08-18 16:24:28
Attempting database connection at 2025-08-18 16:24:28
Database connection successful at 2025-08-18 16:24:28
Attempting database connection at 2025-08-18 16:24:28
Database connection successful at 2025-08-18 16:24:28
Attempting database connection at 2025-08-18 16:24:39
Database connection successful at 2025-08-18 16:24:39
Attempting database connection at 2025-08-18 16:24:41
Database connection successful at 2025-08-18 16:24:41
Attempting database connection at 2025-08-18 16:24:41
Database connection successful at 2025-08-18 16:24:41
Attempting database connection at 2025-08-18 16:24:41
Database connection successful at 2025-08-18 16:24:41
Database connection included successfully at 2025-08-18 16:24:41
Attempting to fetch posts at 2025-08-18 16:24:41
Executing query: SELECT * FROM posts ORDER BY date DESC LIMIT 20 at 2025-08-18 16:24:41
Successfully fetched 4 posts at 2025-08-18 16:24:41
Outputting JSON response at 2025-08-18 16:24:41
Attempting database connection at 2025-08-18 16:24:42
Database connection successful at 2025-08-18 16:24:42
Attempting database connection at 2025-08-18 16:24:42
Database connection successful at 2025-08-18 16:24:42
Attempting database connection at 2025-08-18 16:25:49
Database connection successful at 2025-08-18 16:25:49
Attempting database connection at 2025-08-18 16:25:49
Database connection successful at 2025-08-18 16:25:49
Attempting database connection at 2025-08-18 16:25:50
Database connection successful at 2025-08-18 16:25:50
Attempting database connection at 2025-08-18 16:25:50
Database connection successful at 2025-08-18 16:25:50
Attempting database connection at 2025-08-18 16:25:50
Database connection successful at 2025-08-18 16:25:50
Attempting database connection at 2025-08-18 16:25:50
Database connection successful at 2025-08-18 16:25:50
Attempting database connection at 2025-08-18 16:25:51
Database connection successful at 2025-08-18 16:25:51
Attempting database connection at 2025-08-18 16:25:51
Database connection successful at 2025-08-18 16:25:51
Attempting database connection at 2025-08-18 16:25:51
Database connection successful at 2025-08-18 16:25:51
Attempting database connection at 2025-08-18 16:25:51
Database connection successful at 2025-08-18 16:25:51
Attempting database connection at 2025-08-18 16:25:51
Database connection successful at 2025-08-18 16:25:51
Attempting database connection at 2025-08-18 16:25:51
Database connection successful at 2025-08-18 16:25:51
Attempting database connection at 2025-08-18 16:27:04
Database connection successful at 2025-08-18 16:27:04
Attempting database connection at 2025-08-18 16:27:06
Database connection successful at 2025-08-18 16:27:06
Attempting database connection at 2025-08-18 16:27:06
Database connection successful at 2025-08-18 16:27:06
Attempting database connection at 2025-08-18 16:27:06
Database connection successful at 2025-08-18 16:27:06
Database connection included successfully at 2025-08-18 16:27:06
Attempting to fetch posts at 2025-08-18 16:27:06
Executing query: SELECT * FROM posts ORDER BY date DESC LIMIT 20 at 2025-08-18 16:27:06
Successfully fetched 4 posts at 2025-08-18 16:27:06
Outputting JSON response at 2025-08-18 16:27:06
Attempting database connection at 2025-08-18 16:27:08
Database connection successful at 2025-08-18 16:27:08
Attempting database connection at 2025-08-18 16:27:08
Database connection successful at 2025-08-18 16:27:08
Attempting database connection at 2025-08-18 16:29:14
Database connection successful at 2025-08-18 16:29:14
Attempting database connection at 2025-08-18 16:29:14
Database connection successful at 2025-08-18 16:29:14
Attempting database connection at 2025-08-18 16:29:14
Database connection successful at 2025-08-18 16:29:14
Attempting database connection at 2025-08-18 16:29:14
Database connection successful at 2025-08-18 16:29:14
Attempting database connection at 2025-08-18 16:29:15
Database connection successful at 2025-08-18 16:29:15
Attempting database connection at 2025-08-18 16:29:15
Database connection successful at 2025-08-18 16:29:15
Attempting database connection at 2025-08-18 16:29:23
Database connection successful at 2025-08-18 16:29:23
Attempting database connection at 2025-08-18 16:29:25
Database connection successful at 2025-08-18 16:29:25
Attempting database connection at 2025-08-18 16:29:25
Database connection successful at 2025-08-18 16:29:25
Attempting database connection at 2025-08-18 16:29:25
Database connection successful at 2025-08-18 16:29:25
Database connection included successfully at 2025-08-18 16:29:25
Attempting to fetch posts at 2025-08-18 16:29:25
Executing query: SELECT * FROM posts ORDER BY date DESC LIMIT 20 at 2025-08-18 16:29:25
Successfully fetched 4 posts at 2025-08-18 16:29:25
Outputting JSON response at 2025-08-18 16:29:25
Attempting database connection at 2025-08-18 16:29:28
Database connection successful at 2025-08-18 16:29:28
Attempting database connection at 2025-08-18 16:29:28
Database connection successful at 2025-08-18 16:29:28
Attempting database connection at 2025-08-18 16:30:26
Database connection successful at 2025-08-18 16:30:26
Attempting database connection at 2025-08-18 16:30:26
Database connection successful at 2025-08-18 16:30:26
Attempting database connection at 2025-08-18 16:30:26
Database connection successful at 2025-08-18 16:30:26
Attempting database connection at 2025-08-18 16:30:26
Database connection successful at 2025-08-18 16:30:26
Attempting database connection at 2025-08-18 16:30:27
Database connection successful at 2025-08-18 16:30:27
Attempting database connection at 2025-08-18 16:30:27
Database connection successful at 2025-08-18 16:30:27
Attempting database connection at 2025-08-18 16:31:18
Database connection successful at 2025-08-18 16:31:18
Attempting database connection at 2025-08-18 16:31:18
Database connection successful at 2025-08-18 16:31:18
Attempting database connection at 2025-08-18 16:31:18
Database connection successful at 2025-08-18 16:31:18
Attempting database connection at 2025-08-18 16:31:18
Database connection successful at 2025-08-18 16:31:18
Attempting database connection at 2025-08-18 16:44:41
Database connection successful at 2025-08-18 16:44:41
Attempting database connection at 2025-08-18 16:44:41
Database connection successful at 2025-08-18 16:44:41
Attempting database connection at 2025-08-18 16:44:51
Database connection successful at 2025-08-18 16:44:51
Attempting database connection at 2025-08-18 16:44:53
Database connection successful at 2025-08-18 16:44:53
Attempting database connection at 2025-08-18 16:44:54
Database connection successful at 2025-08-18 16:44:54
Attempting database connection at 2025-08-18 16:44:54
Database connection successful at 2025-08-18 16:44:54
Database connection included successfully at 2025-08-18 16:44:54
Attempting to fetch posts at 2025-08-18 16:44:54
Executing query: SELECT * FROM posts ORDER BY date DESC LIMIT 20 at 2025-08-18 16:44:54
Successfully fetched 4 posts at 2025-08-18 16:44:54
Outputting JSON response at 2025-08-18 16:44:54
Attempting database connection at 2025-08-18 16:44:55
Database connection successful at 2025-08-18 16:44:55
Attempting database connection at 2025-08-18 16:44:55
Database connection successful at 2025-08-18 16:44:55
Attempting database connection at 2025-08-18 16:46:21
Database connection successful at 2025-08-18 16:46:21
Attempting database connection at 2025-08-18 16:46:21
Database connection successful at 2025-08-18 16:46:21
Attempting database connection at 2025-08-18 16:46:22
Database connection successful at 2025-08-18 16:46:22
Attempting database connection at 2025-08-18 16:46:22
Database connection successful at 2025-08-18 16:46:22
Attempting database connection at 2025-08-18 16:46:22
Database connection successful at 2025-08-18 16:46:22
Attempting database connection at 2025-08-18 16:46:22
Database connection successful at 2025-08-18 16:46:22
Attempting database connection at 2025-08-18 16:46:48
Database connection successful at 2025-08-18 16:46:48
Attempting database connection at 2025-08-18 16:46:51
Database connection successful at 2025-08-18 16:46:51
Attempting database connection at 2025-08-18 16:46:51
Database connection successful at 2025-08-18 16:46:51
Attempting database connection at 2025-08-18 16:46:51
Database connection successful at 2025-08-18 16:46:51
Database connection included successfully at 2025-08-18 16:46:51
Attempting to fetch posts at 2025-08-18 16:46:51
Executing query: SELECT * FROM posts ORDER BY date DESC LIMIT 20 at 2025-08-18 16:46:51
Successfully fetched 4 posts at 2025-08-18 16:46:51
Outputting JSON response at 2025-08-18 16:46:51
Attempting database connection at 2025-08-18 16:46:52
Database connection successful at 2025-08-18 16:46:52
Attempting database connection at 2025-08-18 16:46:52
Database connection successful at 2025-08-18 16:46:52
Attempting database connection at 2025-08-18 16:48:37
Database connection successful at 2025-08-18 16:48:37
Attempting database connection at 2025-08-18 16:48:37
Database connection successful at 2025-08-18 16:48:37
Attempting database connection at 2025-08-18 16:48:37
Database connection successful at 2025-08-18 16:48:37
Attempting database connection at 2025-08-18 16:48:38
Database connection successful at 2025-08-18 16:48:38
Attempting database connection at 2025-08-18 16:48:38
Database connection successful at 2025-08-18 16:48:38
Attempting database connection at 2025-08-18 16:48:38
Database connection successful at 2025-08-18 16:48:38
Attempting database connection at 2025-08-18 16:48:38
Database connection successful at 2025-08-18 16:48:38
Attempting database connection at 2025-08-18 16:48:38
Database connection successful at 2025-08-18 16:48:38
Attempting database connection at 2025-08-18 16:56:20
Database connection successful at 2025-08-18 16:56:20
Attempting database connection at 2025-08-18 16:56:21
Database connection successful at 2025-08-18 16:56:21
Attempting database connection at 2025-08-18 16:56:21
Database connection successful at 2025-08-18 16:56:21
Attempting database connection at 2025-08-18 16:56:22
Database connection successful at 2025-08-18 16:56:22
Database connection included successfully at 2025-08-18 16:56:22
Attempting to fetch posts at 2025-08-18 16:56:22
Executing query: SELECT * FROM posts ORDER BY date DESC LIMIT 20 at 2025-08-18 16:56:22
Successfully fetched 4 posts at 2025-08-18 16:56:22
Outputting JSON response at 2025-08-18 16:56:22
Attempting database connection at 2025-08-18 16:56:23
Database connection successful at 2025-08-18 16:56:23
Attempting database connection at 2025-08-18 16:56:23
Database connection successful at 2025-08-18 16:56:23
Attempting database connection at 2025-08-18 16:57:19
Database connection successful at 2025-08-18 16:57:19
Attempting database connection at 2025-08-18 16:57:19
Database connection successful at 2025-08-18 16:57:19
Database connection included successfully at 2025-08-18 16:57:19
Attempting to fetch posts at 2025-08-18 16:57:19
Executing query: SELECT * FROM posts ORDER BY date DESC LIMIT 20 at 2025-08-18 16:57:19
Successfully fetched 4 posts at 2025-08-18 16:57:19
Outputting JSON response at 2025-08-18 16:57:19
Attempting database connection at 2025-08-18 16:57:20
Database connection successful at 2025-08-18 16:57:20
Attempting database connection at 2025-08-18 16:57:20
Database connection successful at 2025-08-18 16:57:20
Database connection included successfully at 2025-08-18 16:57:20
Attempting to fetch posts at 2025-08-18 16:57:20
Executing query: SELECT * FROM posts ORDER BY date DESC LIMIT 20 at 2025-08-18 16:57:20
Successfully fetched 4 posts at 2025-08-18 16:57:20
Outputting JSON response at 2025-08-18 16:57:20
Attempting database connection at 2025-08-18 16:57:21
Database connection successful at 2025-08-18 16:57:21
Attempting database connection at 2025-08-18 16:57:21
Database connection successful at 2025-08-18 16:57:21
Attempting database connection at 2025-08-18 16:58:45
Database connection successful at 2025-08-18 16:58:45
Attempting database connection at 2025-08-18 16:58:45
Database connection successful at 2025-08-18 16:58:45
Attempting database connection at 2025-08-18 16:58:45
Database connection successful at 2025-08-18 16:58:45
Attempting database connection at 2025-08-18 16:58:45
Database connection successful at 2025-08-18 16:58:45
Attempting database connection at 2025-08-18 17:00:00
Database connection successful at 2025-08-18 17:00:00
Attempting database connection at 2025-08-18 17:00:01
Database connection successful at 2025-08-18 17:00:01
Attempting database connection at 2025-08-18 17:00:01
Database connection successful at 2025-08-18 17:00:01
Attempting database connection at 2025-08-18 17:00:01
Database connection successful at 2025-08-18 17:00:01
Attempting database connection at 2025-08-18 17:00:02
Database connection successful at 2025-08-18 17:00:02
Attempting database connection at 2025-08-18 17:00:04
Database connection successful at 2025-08-18 17:00:04
Attempting database connection at 2025-08-18 17:09:35
Database connection successful at 2025-08-18 17:09:35
Attempting database connection at 2025-08-18 17:09:37
Database connection successful at 2025-08-18 17:09:37
Attempting database connection at 2025-08-18 17:09:37
Database connection successful at 2025-08-18 17:09:37
Attempting database connection at 2025-08-18 17:09:37
Database connection successful at 2025-08-18 17:09:37
Database connection included successfully at 2025-08-18 17:09:37
Attempting to fetch posts at 2025-08-18 17:09:37
Executing query: SELECT * FROM posts ORDER BY date DESC LIMIT 20 at 2025-08-18 17:09:37
Successfully fetched 4 posts at 2025-08-18 17:09:37
Outputting JSON response at 2025-08-18 17:09:37
Attempting database connection at 2025-08-18 17:09:39
Database connection successful at 2025-08-18 17:09:39
Attempting database connection at 2025-08-18 17:09:39
Database connection successful at 2025-08-18 17:09:39
Attempting database connection at 2025-08-18 17:22:37
Database connection successful at 2025-08-18 17:22:37
Attempting database connection at 2025-08-18 17:22:38
Database connection successful at 2025-08-18 17:22:38
Attempting database connection at 2025-08-18 17:22:39
Database connection successful at 2025-08-18 17:22:39
Attempting database connection at 2025-08-18 17:22:39
Database connection successful at 2025-08-18 17:22:39
Database connection included successfully at 2025-08-18 17:22:39
Attempting to fetch posts at 2025-08-18 17:22:39
Executing query: SELECT * FROM posts ORDER BY date DESC LIMIT 20 at 2025-08-18 17:22:39
Successfully fetched 4 posts at 2025-08-18 17:22:39
Outputting JSON response at 2025-08-18 17:22:39
Attempting database connection at 2025-08-18 17:22:40
Database connection successful at 2025-08-18 17:22:40
Attempting database connection at 2025-08-18 17:22:40
Database connection successful at 2025-08-18 17:22:40
Attempting database connection at 2025-08-18 17:24:27
Database connection successful at 2025-08-18 17:24:27
Attempting database connection at 2025-08-18 17:24:29
Database connection successful at 2025-08-18 17:24:29
Attempting database connection at 2025-08-18 17:24:29
Database connection successful at 2025-08-18 17:24:29
Attempting database connection at 2025-08-18 17:24:29
Database connection successful at 2025-08-18 17:24:29
Database connection included successfully at 2025-08-18 17:24:29
Attempting to fetch posts at 2025-08-18 17:24:29
Executing query: SELECT * FROM posts ORDER BY date DESC LIMIT 20 at 2025-08-18 17:24:29
Successfully fetched 4 posts at 2025-08-18 17:24:29
Outputting JSON response at 2025-08-18 17:24:29
Attempting database connection at 2025-08-18 17:24:31
Database connection successful at 2025-08-18 17:24:31
Attempting database connection at 2025-08-18 17:24:31
Database connection successful at 2025-08-18 17:24:31
Attempting database connection at 2025-08-18 17:24:50
Database connection successful at 2025-08-18 17:24:50
Attempting database connection at 2025-08-18 17:31:44
Database connection successful at 2025-08-18 17:31:44
Attempting database connection at 2025-08-18 17:31:45
Database connection successful at 2025-08-18 17:31:45
Attempting database connection at 2025-08-18 17:31:45
Database connection successful at 2025-08-18 17:31:45
Attempting database connection at 2025-08-18 17:31:45
Database connection successful at 2025-08-18 17:31:45
Attempting database connection at 2025-08-18 17:31:46
Database connection successful at 2025-08-18 17:31:46
Attempting database connection at 2025-08-18 17:32:11
Database connection successful at 2025-08-18 17:32:11
Attempting database connection at 2025-08-18 17:32:26
Database connection successful at 2025-08-18 17:32:26
Attempting database connection at 2025-08-18 17:32:38
Database connection successful at 2025-08-18 17:32:38
Attempting database connection at 2025-08-18 17:32:57
Database connection successful at 2025-08-18 17:32:57
Attempting database connection at 2025-08-18 17:32:59
Database connection successful at 2025-08-18 17:32:59
Attempting database connection at 2025-08-18 17:33:01
Database connection successful at 2025-08-18 17:33:01
Attempting database connection at 2025-08-18 17:33:01
Database connection successful at 2025-08-18 17:33:01
Attempting database connection at 2025-08-18 17:33:01
Database connection successful at 2025-08-18 17:33:01
Database connection included successfully at 2025-08-18 17:33:01
Attempting to fetch posts at 2025-08-18 17:33:01
Executing query: SELECT * FROM posts ORDER BY date DESC LIMIT 20 at 2025-08-18 17:33:01
Successfully fetched 4 posts at 2025-08-18 17:33:01
Outputting JSON response at 2025-08-18 17:33:01
Attempting database connection at 2025-08-18 17:33:04
Database connection successful at 2025-08-18 17:33:04
Attempting database connection at 2025-08-18 17:33:06
Database connection successful at 2025-08-18 17:33:06
Attempting database connection at 2025-08-18 17:33:06
Database connection successful at 2025-08-18 17:33:06
Attempting database connection at 2025-08-18 17:37:12
Database connection successful at 2025-08-18 17:37:12
Attempting database connection at 2025-08-18 17:37:14
Database connection successful at 2025-08-18 17:37:14
Attempting database connection at 2025-08-18 17:37:14
Database connection successful at 2025-08-18 17:37:14
Attempting database connection at 2025-08-18 17:37:14
Database connection successful at 2025-08-18 17:37:14
Database connection included successfully at 2025-08-18 17:37:14
Attempting to fetch posts at 2025-08-18 17:37:14
Executing query: SELECT * FROM posts ORDER BY date DESC LIMIT 20 at 2025-08-18 17:37:14
Successfully fetched 4 posts at 2025-08-18 17:37:14
Outputting JSON response at 2025-08-18 17:37:14
Attempting database connection at 2025-08-18 17:37:16
Database connection successful at 2025-08-18 17:37:16
Attempting database connection at 2025-08-18 17:37:16
Database connection successful at 2025-08-18 17:37:16
Attempting database connection at 2025-08-18 17:40:46
Database connection successful at 2025-08-18 17:40:46
Attempting database connection at 2025-08-18 17:40:47
Database connection successful at 2025-08-18 17:40:47
Attempting database connection at 2025-08-18 17:40:47
Database connection successful at 2025-08-18 17:40:47
Attempting database connection at 2025-08-18 17:43:06
Database connection successful at 2025-08-18 17:43:06
Attempting database connection at 2025-08-18 17:43:06
Database connection successful at 2025-08-18 17:43:06
Attempting database connection at 2025-08-18 17:43:42
Database connection successful at 2025-08-18 17:43:42
Attempting database connection at 2025-08-18 17:43:42
Database connection successful at 2025-08-18 17:43:42
Attempting database connection at 2025-08-18 17:43:43
Database connection successful at 2025-08-18 17:43:43
Attempting database connection at 2025-08-18 17:44:00
Database connection successful at 2025-08-18 17:44:00
Attempting database connection at 2025-08-18 17:44:00
Database connection successful at 2025-08-18 17:44:00
Attempting database connection at 2025-08-18 17:44:00
Database connection successful at 2025-08-18 17:44:00
Attempting database connection at 2025-08-18 17:44:00
Database connection successful at 2025-08-18 17:44:00
Attempting database connection at 2025-08-18 17:44:05
Database connection successful at 2025-08-18 17:44:05
Attempting database connection at 2025-08-18 17:44:06
Database connection successful at 2025-08-18 17:44:06
Attempting database connection at 2025-08-18 17:44:06
Database connection successful at 2025-08-18 17:44:06
Attempting database connection at 2025-08-18 17:44:06
Database connection successful at 2025-08-18 17:44:06
Database connection included successfully at 2025-08-18 17:44:06
Attempting to fetch posts at 2025-08-18 17:44:06
Executing query: SELECT * FROM posts ORDER BY date DESC LIMIT 20 at 2025-08-18 17:44:06
Successfully fetched 4 posts at 2025-08-18 17:44:06
Outputting JSON response at 2025-08-18 17:44:06
Attempting database connection at 2025-08-18 17:44:08
Database connection successful at 2025-08-18 17:44:08
Attempting database connection at 2025-08-18 17:44:08
Database connection successful at 2025-08-18 17:44:08
Attempting database connection at 2025-08-18 17:44:39
Database connection successful at 2025-08-18 17:44:39
Attempting database connection at 2025-08-18 17:44:39
Database connection successful at 2025-08-18 17:44:39
Attempting database connection at 2025-08-18 17:44:57
Database connection successful at 2025-08-18 17:44:57
Attempting database connection at 2025-08-18 17:45:02
Database connection successful at 2025-08-18 17:45:02
Attempting database connection at 2025-08-18 17:45:02
Database connection successful at 2025-08-18 17:45:02
Attempting database connection at 2025-08-18 17:45:02
Database connection successful at 2025-08-18 17:45:02
Database connection included successfully at 2025-08-18 17:45:02
Attempting to fetch posts at 2025-08-18 17:45:02
Executing query: SELECT * FROM posts ORDER BY date DESC LIMIT 20 at 2025-08-18 17:45:02
Successfully fetched 4 posts at 2025-08-18 17:45:02
Outputting JSON response at 2025-08-18 17:45:02
Attempting database connection at 2025-08-18 17:45:04
Database connection successful at 2025-08-18 17:45:04
Attempting database connection at 2025-08-18 17:45:04
Database connection successful at 2025-08-18 17:45:04
Attempting database connection at 2025-08-18 17:45:34
Database connection successful at 2025-08-18 17:45:34
Attempting database connection at 2025-08-18 17:45:35
Database connection successful at 2025-08-18 17:45:35
Attempting database connection at 2025-08-18 17:45:35
Database connection successful at 2025-08-18 17:45:35
Attempting database connection at 2025-08-18 17:45:35
Database connection successful at 2025-08-18 17:45:35
Database connection included successfully at 2025-08-18 17:45:35
Attempting to fetch posts at 2025-08-18 17:45:35
Executing query: SELECT * FROM posts ORDER BY date DESC LIMIT 20 at 2025-08-18 17:45:35
Successfully fetched 4 posts at 2025-08-18 17:45:35
Outputting JSON response at 2025-08-18 17:45:35
Attempting database connection at 2025-08-18 17:45:37
Database connection successful at 2025-08-18 17:45:37
Attempting database connection at 2025-08-18 17:45:37
Database connection successful at 2025-08-18 17:45:37
Attempting database connection at 2025-08-18 17:46:56
Database connection successful at 2025-08-18 17:46:56
Attempting database connection at 2025-08-18 17:46:57
Database connection successful at 2025-08-18 17:46:57
Attempting database connection at 2025-08-18 17:46:57
Database connection successful at 2025-08-18 17:46:57
Attempting database connection at 2025-08-18 17:46:57
Database connection successful at 2025-08-18 17:46:57
Database connection included successfully at 2025-08-18 17:46:57
Attempting to fetch posts at 2025-08-18 17:46:57
Executing query: SELECT * FROM posts ORDER BY date DESC LIMIT 20 at 2025-08-18 17:46:57
Successfully fetched 4 posts at 2025-08-18 17:46:57
Outputting JSON response at 2025-08-18 17:46:57
Attempting database connection at 2025-08-18 17:46:59
Database connection successful at 2025-08-18 17:46:59
Attempting database connection at 2025-08-18 17:46:59
Database connection successful at 2025-08-18 17:46:59
Attempting database connection at 2025-08-18 17:47:54
Database connection successful at 2025-08-18 17:47:54
Attempting database connection at 2025-08-18 17:47:54
Database connection successful at 2025-08-18 17:47:54
Attempting database connection at 2025-08-18 17:47:55
Database connection successful at 2025-08-18 17:47:55
Attempting database connection at 2025-08-18 17:47:57
Database connection successful at 2025-08-18 17:47:57
Attempting database connection at 2025-08-18 17:47:58
Database connection successful at 2025-08-18 17:47:58
Attempting database connection at 2025-08-18 17:47:58
Database connection successful at 2025-08-18 17:47:58
Attempting database connection at 2025-08-18 17:48:02
Database connection successful at 2025-08-18 17:48:02
Attempting database connection at 2025-08-18 17:48:07
Database connection successful at 2025-08-18 17:48:07
Attempting database connection at 2025-08-18 17:48:07
Database connection successful at 2025-08-18 17:48:07
Database connection included successfully at 2025-08-18 17:48:07
Attempting to fetch posts at 2025-08-18 17:48:07
Executing query: SELECT * FROM posts ORDER BY date DESC LIMIT 20 at 2025-08-18 17:48:07
Successfully fetched 4 posts at 2025-08-18 17:48:07
Outputting JSON response at 2025-08-18 17:48:07
Attempting database connection at 2025-08-18 17:48:13
Database connection successful at 2025-08-18 17:48:13
Attempting database connection at 2025-08-18 17:48:13
Database connection successful at 2025-08-18 17:48:13
Attempting database connection at 2025-08-18 17:49:09
Database connection successful at 2025-08-18 17:49:09
Attempting database connection at 2025-08-18 17:49:09
Database connection successful at 2025-08-18 17:49:09
Attempting database connection at 2025-08-18 17:49:10
Database connection successful at 2025-08-18 17:49:10
Attempting database connection at 2025-08-18 18:00:56
Database connection successful at 2025-08-18 18:00:56
Attempting database connection at 2025-08-18 18:01:13
Database connection successful at 2025-08-18 18:01:13
Attempting database connection at 2025-08-18 18:01:13
Database connection successful at 2025-08-18 18:01:13
Attempting database connection at 2025-08-18 18:01:48
Database connection successful at 2025-08-18 18:01:48
Attempting database connection at 2025-08-18 18:01:48
Database connection successful at 2025-08-18 18:01:48
Attempting database connection at 2025-08-18 18:01:54
Database connection successful at 2025-08-18 18:01:54
Attempting database connection at 2025-08-18 18:01:54
Database connection successful at 2025-08-18 18:01:54
Attempting database connection at 2025-08-18 18:02:08
Database connection successful at 2025-08-18 18:02:08
Attempting database connection at 2025-08-18 18:02:08
Database connection successful at 2025-08-18 18:02:08
Attempting database connection at 2025-08-18 18:02:08
Database connection successful at 2025-08-18 18:02:08
Attempting database connection at 2025-08-18 18:02:08
Database connection successful at 2025-08-18 18:02:08
Attempting database connection at 2025-08-18 18:04:39
Database connection successful at 2025-08-18 18:04:39
Attempting database connection at 2025-08-18 18:04:39
Database connection successful at 2025-08-18 18:04:39
Attempting database connection at 2025-08-18 18:10:56
Database connection successful at 2025-08-18 18:10:56
Attempting database connection at 2025-08-18 18:11:33
Database connection successful at 2025-08-18 18:11:33
Attempting database connection at 2025-08-18 18:11:43
Database connection successful at 2025-08-18 18:11:43
Attempting database connection at 2025-08-18 18:11:43
Database connection successful at 2025-08-18 18:11:43
Attempting database connection at 2025-08-18 18:11:44
Database connection successful at 2025-08-18 18:11:44
Database connection included successfully at 2025-08-18 18:11:44
Attempting to fetch posts at 2025-08-18 18:11:44
Executing query: SELECT * FROM posts ORDER BY date DESC LIMIT 20 at 2025-08-18 18:11:44
Successfully fetched 4 posts at 2025-08-18 18:11:44
Outputting JSON response at 2025-08-18 18:11:44
Attempting database connection at 2025-08-18 18:11:47
Database connection successful at 2025-08-18 18:11:47
Attempting database connection at 2025-08-18 18:11:47
Database connection successful at 2025-08-18 18:11:47
Attempting database connection at 2025-08-18 18:14:19
Database connection successful at 2025-08-18 18:14:19
Attempting database connection at 2025-08-18 18:14:19
Database connection successful at 2025-08-18 18:14:19
Attempting database connection at 2025-08-18 18:14:26
Database connection successful at 2025-08-18 18:14:26
Attempting database connection at 2025-08-18 18:14:27
Database connection successful at 2025-08-18 18:14:27
Attempting database connection at 2025-08-18 18:15:27
Database connection successful at 2025-08-18 18:15:27
Attempting database connection at 2025-08-18 18:15:27
Database connection successful at 2025-08-18 18:15:27
Attempting database connection at 2025-08-18 18:16:51
Database connection successful at 2025-08-18 18:16:51
Attempting database connection at 2025-08-18 18:16:52
Database connection successful at 2025-08-18 18:16:52
Attempting database connection at 2025-08-18 18:16:53
Database connection successful at 2025-08-18 18:16:53
Attempting database connection at 2025-08-18 18:16:53
Database connection successful at 2025-08-18 18:16:53
Attempting database connection at 2025-08-18 18:17:00
Database connection successful at 2025-08-18 18:17:00
Attempting database connection at 2025-08-18 18:17:00
Database connection successful at 2025-08-18 18:17:00
Attempting database connection at 2025-08-18 18:17:20
Database connection successful at 2025-08-18 18:17:20
Attempting database connection at 2025-08-18 18:17:20
Database connection successful at 2025-08-18 18:17:20
Attempting database connection at 2025-08-18 21:53:32
Database connection successful at 2025-08-18 21:53:32
Attempting database connection at 2025-08-19 09:48:20
Database connection successful at 2025-08-19 09:48:20
Attempting database connection at 2025-08-19 09:48:22
Database connection successful at 2025-08-19 09:48:22
Attempting database connection at 2025-08-19 09:53:25
Database connection successful at 2025-08-19 09:53:25
Attempting database connection at 2025-08-19 09:53:30
Database connection successful at 2025-08-19 09:53:30
Attempting database connection at 2025-08-19 09:53:58
Database connection successful at 2025-08-19 09:53:58
Attempting database connection at 2025-08-19 09:54:34
Database connection successful at 2025-08-19 09:54:34
Attempting database connection at 2025-08-19 09:54:40
Database connection successful at 2025-08-19 09:54:40
Attempting database connection at 2025-08-19 10:35:10
Database connection successful at 2025-08-19 10:35:10
Attempting database connection at 2025-08-19 11:17:34
Database connection successful at 2025-08-19 11:17:34
Attempting database connection at 2025-08-19 11:17:46
Database connection successful at 2025-08-19 11:17:46
Attempting database connection at 2025-08-19 11:54:48
Database connection successful at 2025-08-19 11:54:48
Attempting database connection at 2025-08-19 12:59:02
Database connection successful at 2025-08-19 12:59:02
Attempting database connection at 2025-08-19 13:06:21
Database connection successful at 2025-08-19 13:06:21
Attempting database connection at 2025-08-19 13:06:23
Database connection successful at 2025-08-19 13:06:23
Attempting database connection at 2025-08-19 13:14:07
Database connection successful at 2025-08-19 13:14:07
Attempting database connection at 2025-08-19 13:24:56
Database connection successful at 2025-08-19 13:24:56
Attempting database connection at 2025-08-19 13:32:53
Database connection successful at 2025-08-19 13:32:53
Attempting database connection at 2025-08-19 13:33:15
Database connection successful at 2025-08-19 13:33:15
Attempting database connection at 2025-08-19 13:33:19
Database connection successful at 2025-08-19 13:33:19
Attempting database connection at 2025-08-19 13:33:19
Database connection successful at 2025-08-19 13:33:19
Attempting database connection at 2025-08-19 13:33:19
Database connection successful at 2025-08-19 13:33:19
Database connection included successfully at 2025-08-19 13:33:19
Attempting to fetch posts at 2025-08-19 13:33:19
Executing query: SELECT * FROM posts ORDER BY date DESC LIMIT 20 at 2025-08-19 13:33:19
Successfully fetched 4 posts at 2025-08-19 13:33:19
Outputting JSON response at 2025-08-19 13:33:19
Attempting database connection at 2025-08-19 13:33:21
Database connection successful at 2025-08-19 13:33:21
Attempting database connection at 2025-08-19 13:33:21
Database connection successful at 2025-08-19 13:33:21
Attempting database connection at 2025-08-19 13:33:23
Database connection successful at 2025-08-19 13:33:23
Attempting database connection at 2025-08-19 13:33:23
Database connection successful at 2025-08-19 13:33:23
Attempting database connection at 2025-08-19 13:33:46
Database connection successful at 2025-08-19 13:33:46
Attempting database connection at 2025-08-19 13:33:48
Database connection successful at 2025-08-19 13:33:48
Attempting database connection at 2025-08-19 13:33:48
Database connection successful at 2025-08-19 13:33:48
Attempting database connection at 2025-08-19 13:33:48
Database connection successful at 2025-08-19 13:33:48
Database connection included successfully at 2025-08-19 13:33:48
Attempting to fetch posts at 2025-08-19 13:33:48
Executing query: SELECT * FROM posts ORDER BY date DESC LIMIT 20 at 2025-08-19 13:33:48
Successfully fetched 4 posts at 2025-08-19 13:33:48
Outputting JSON response at 2025-08-19 13:33:48
Attempting database connection at 2025-08-19 13:33:50
Database connection successful at 2025-08-19 13:33:50
Attempting database connection at 2025-08-19 13:33:50
Database connection successful at 2025-08-19 13:33:50
Attempting database connection at 2025-08-19 13:50:25
Database connection successful at 2025-08-19 13:50:25
Attempting database connection at 2025-08-19 13:50:25
Database connection successful at 2025-08-19 13:50:25
Attempting database connection at 2025-08-19 15:18:10
Database connection successful at 2025-08-19 15:18:10
Attempting database connection at 2025-08-19 15:19:04
Database connection successful at 2025-08-19 15:19:04
Attempting database connection at 2025-08-19 16:37:12
Database connection successful at 2025-08-19 16:37:12
Attempting database connection at 2025-08-19 16:37:30
Database connection successful at 2025-08-19 16:37:30
Attempting database connection at 2025-08-19 16:39:03
Database connection successful at 2025-08-19 16:39:03
Attempting database connection at 2025-08-19 16:45:19
Database connection successful at 2025-08-19 16:45:19
Attempting database connection at 2025-08-19 16:45:19
Database connection successful at 2025-08-19 16:45:19
Attempting database connection at 2025-08-19 18:35:32
Database connection successful at 2025-08-19 18:35:32
Attempting database connection at 2025-08-19 18:52:03
Database connection successful at 2025-08-19 18:52:03
Attempting database connection at 2025-08-19 20:12:54
Database connection successful at 2025-08-19 20:12:54
Attempting database connection at 2025-08-20 00:39:10
Database connection successful at 2025-08-20 00:39:10
Attempting database connection at 2025-08-20 02:53:00
Database connection successful at 2025-08-20 02:53:00
Attempting database connection at 2025-08-20 03:53:36
Database connection successful at 2025-08-20 03:53:36
Attempting database connection at 2025-08-20 03:53:41
Database connection successful at 2025-08-20 03:53:41
Attempting database connection at 2025-08-20 08:58:03
Database connection successful at 2025-08-20 08:58:03
Attempting database connection at 2025-08-20 08:58:13
Database connection successful at 2025-08-20 08:58:13
Attempting database connection at 2025-08-20 08:58:15
Database connection successful at 2025-08-20 08:58:15
Attempting database connection at 2025-08-20 08:58:17
Database connection successful at 2025-08-20 08:58:17
Attempting database connection at 2025-08-20 08:58:18
Database connection successful at 2025-08-20 08:58:18
Attempting database connection at 2025-08-20 08:58:18
Database connection successful at 2025-08-20 08:58:18
Database connection included successfully at 2025-08-20 08:58:18
Attempting to fetch posts at 2025-08-20 08:58:18
Executing query: SELECT * FROM posts ORDER BY date DESC LIMIT 20 at 2025-08-20 08:58:18
Successfully fetched 4 posts at 2025-08-20 08:58:18
Outputting JSON response at 2025-08-20 08:58:18
Attempting database connection at 2025-08-20 08:58:21
Database connection successful at 2025-08-20 08:58:21
Attempting database connection at 2025-08-20 08:58:21
Database connection successful at 2025-08-20 08:58:21
Attempting database connection at 2025-08-20 09:09:46
Database connection successful at 2025-08-20 09:09:46
Attempting database connection at 2025-08-20 09:09:46
Database connection successful at 2025-08-20 09:09:46
Attempting database connection at 2025-08-20 09:27:11
Database connection successful at 2025-08-20 09:27:11
Attempting database connection at 2025-08-20 09:27:12
Database connection successful at 2025-08-20 09:27:12
Attempting database connection at 2025-08-20 09:27:22
Database connection successful at 2025-08-20 09:27:22
Attempting database connection at 2025-08-20 09:27:34
Database connection successful at 2025-08-20 09:27:34
Attempting database connection at 2025-08-20 09:32:25
Database connection successful at 2025-08-20 09:32:25
Attempting database connection at 2025-08-20 09:32:31
Database connection successful at 2025-08-20 09:32:31
Attempting database connection at 2025-08-20 09:32:56
Database connection successful at 2025-08-20 09:32:56
Attempting database connection at 2025-08-20 09:49:36
Database connection successful at 2025-08-20 09:49:36
Attempting database connection at 2025-08-20 10:13:39
Database connection successful at 2025-08-20 10:13:39
Attempting database connection at 2025-08-20 10:13:44
Database connection successful at 2025-08-20 10:13:44
Attempting database connection at 2025-08-20 11:00:14
Database connection successful at 2025-08-20 11:00:14
Attempting database connection at 2025-08-20 11:01:25
Database connection successful at 2025-08-20 11:01:25
Attempting database connection at 2025-08-20 11:01:25
Database connection successful at 2025-08-20 11:01:25
Attempting database connection at 2025-08-20 11:01:25
Database connection successful at 2025-08-20 11:01:25
Attempting database connection at 2025-08-20 11:01:26
Database connection successful at 2025-08-20 11:01:26
Attempting database connection at 2025-08-20 11:03:01
Database connection successful at 2025-08-20 11:03:01
Attempting database connection at 2025-08-20 11:03:01
Database connection successful at 2025-08-20 11:03:01
Attempting database connection at 2025-08-20 11:03:02
Database connection successful at 2025-08-20 11:03:02
Attempting database connection at 2025-08-20 11:03:03
Database connection successful at 2025-08-20 11:03:03
Attempting database connection at 2025-08-20 11:03:04
Database connection successful at 2025-08-20 11:03:04
Attempting database connection at 2025-08-20 11:05:13
Database connection successful at 2025-08-20 11:05:13
Attempting database connection at 2025-08-20 11:05:13
Database connection successful at 2025-08-20 11:05:13
Attempting database connection at 2025-08-20 11:05:34
Database connection successful at 2025-08-20 11:05:34
Attempting database connection at 2025-08-20 11:05:39
Database connection successful at 2025-08-20 11:05:39
Attempting database connection at 2025-08-20 11:05:41
Database connection successful at 2025-08-20 11:05:41
Attempting database connection at 2025-08-20 11:05:41
Database connection successful at 2025-08-20 11:05:41
Attempting database connection at 2025-08-20 11:05:41
Database connection successful at 2025-08-20 11:05:41
Database connection included successfully at 2025-08-20 11:05:41
Attempting to fetch posts at 2025-08-20 11:05:41
Executing query: SELECT * FROM posts ORDER BY date DESC LIMIT 20 at 2025-08-20 11:05:41
Successfully fetched 4 posts at 2025-08-20 11:05:41
Outputting JSON response at 2025-08-20 11:05:41
Attempting database connection at 2025-08-20 11:05:43
Database connection successful at 2025-08-20 11:05:43
Attempting database connection at 2025-08-20 11:05:43
Database connection successful at 2025-08-20 11:05:43
Attempting database connection at 2025-08-20 11:05:56
Database connection successful at 2025-08-20 11:05:56
Attempting database connection at 2025-08-20 11:41:03
Database connection successful at 2025-08-20 11:41:03
Attempting database connection at 2025-08-20 11:41:04
Database connection successful at 2025-08-20 11:41:04
Attempting database connection at 2025-08-20 11:41:04
Database connection successful at 2025-08-20 11:41:04
Attempting database connection at 2025-08-20 11:41:04
Database connection successful at 2025-08-20 11:41:04
Attempting database connection at 2025-08-20 11:41:19
Database connection successful at 2025-08-20 11:41:19
Attempting database connection at 2025-08-20 11:41:19
Database connection successful at 2025-08-20 11:41:19
Database connection included successfully at 2025-08-20 11:41:19
Attempting to fetch posts at 2025-08-20 11:41:19
Executing query: SELECT * FROM posts ORDER BY date DESC LIMIT 20 at 2025-08-20 11:41:19
Successfully fetched 4 posts at 2025-08-20 11:41:19
Outputting JSON response at 2025-08-20 11:41:19
Attempting database connection at 2025-08-20 11:41:21
Database connection successful at 2025-08-20 11:41:21
Attempting database connection at 2025-08-20 11:41:21
Database connection successful at 2025-08-20 11:41:21
Attempting database connection at 2025-08-20 11:41:22
Database connection successful at 2025-08-20 11:41:22
Attempting database connection at 2025-08-20 11:41:22
Database connection successful at 2025-08-20 11:41:22
Attempting database connection at 2025-08-20 11:41:29
Database connection successful at 2025-08-20 11:41:29
Attempting database connection at 2025-08-20 11:41:30
Database connection successful at 2025-08-20 11:41:30
Attempting database connection at 2025-08-20 11:41:39
Database connection successful at 2025-08-20 11:41:39
Attempting database connection at 2025-08-20 11:41:40
Database connection successful at 2025-08-20 11:41:40
Attempting database connection at 2025-08-20 11:41:41
Database connection successful at 2025-08-20 11:41:41
Attempting database connection at 2025-08-20 11:41:41
Database connection successful at 2025-08-20 11:41:41
Database connection included successfully at 2025-08-20 11:41:41
Attempting to fetch posts at 2025-08-20 11:41:41
Executing query: SELECT * FROM posts ORDER BY date DESC LIMIT 20 at 2025-08-20 11:41:41
Successfully fetched 4 posts at 2025-08-20 11:41:41
Outputting JSON response at 2025-08-20 11:41:41
Attempting database connection at 2025-08-20 11:41:42
Database connection successful at 2025-08-20 11:41:42
Attempting database connection at 2025-08-20 11:41:42
Database connection successful at 2025-08-20 11:41:42
Attempting database connection at 2025-08-20 11:41:43
Database connection successful at 2025-08-20 11:41:43
Attempting database connection at 2025-08-20 11:41:43
Database connection successful at 2025-08-20 11:41:43
Attempting database connection at 2025-08-20 11:42:53
Database connection successful at 2025-08-20 11:42:53
Attempting database connection at 2025-08-20 11:42:54
Database connection successful at 2025-08-20 11:42:54
Attempting database connection at 2025-08-20 11:43:12
Database connection successful at 2025-08-20 11:43:12
Attempting database connection at 2025-08-20 11:46:57
Database connection successful at 2025-08-20 11:46:57
Attempting database connection at 2025-08-20 12:02:25
Database connection successful at 2025-08-20 12:02:25
Attempting database connection at 2025-08-20 12:02:25
Database connection successful at 2025-08-20 12:02:25
Attempting database connection at 2025-08-20 12:02:26
Database connection successful at 2025-08-20 12:02:26
Attempting database connection at 2025-08-20 12:02:29
Database connection successful at 2025-08-20 12:02:29
Attempting database connection at 2025-08-20 12:02:40
Database connection successful at 2025-08-20 12:02:40
Attempting database connection at 2025-08-20 12:02:42
Database connection successful at 2025-08-20 12:02:42
Attempting database connection at 2025-08-20 12:02:42
Database connection successful at 2025-08-20 12:02:42
Attempting database connection at 2025-08-20 12:02:43
Database connection successful at 2025-08-20 12:02:43
Database connection included successfully at 2025-08-20 12:02:43
Attempting to fetch posts at 2025-08-20 12:02:43
Executing query: SELECT * FROM posts ORDER BY date DESC LIMIT 20 at 2025-08-20 12:02:43
Successfully fetched 4 posts at 2025-08-20 12:02:43
Outputting JSON response at 2025-08-20 12:02:43
Attempting database connection at 2025-08-20 12:02:45
Database connection successful at 2025-08-20 12:02:45
Attempting database connection at 2025-08-20 12:02:45
Database connection successful at 2025-08-20 12:02:45
Attempting database connection at 2025-08-20 12:02:46
Database connection successful at 2025-08-20 12:02:46
Attempting database connection at 2025-08-20 12:02:47
Database connection successful at 2025-08-20 12:02:47
Attempting database connection at 2025-08-20 12:03:17
Database connection successful at 2025-08-20 12:03:17
Attempting database connection at 2025-08-20 12:03:17
Database connection successful at 2025-08-20 12:03:17
Attempting database connection at 2025-08-20 12:06:08
Database connection successful at 2025-08-20 12:06:08
Attempting database connection at 2025-08-20 12:08:07
Database connection successful at 2025-08-20 12:08:07
Attempting database connection at 2025-08-20 13:00:24
Database connection successful at 2025-08-20 13:00:24
Attempting database connection at 2025-08-20 13:00:24
Database connection successful at 2025-08-20 13:00:24
Attempting database connection at 2025-08-20 13:00:24
Database connection successful at 2025-08-20 13:00:24
Attempting database connection at 2025-08-20 13:00:24
Database connection successful at 2025-08-20 13:00:24
Attempting database connection at 2025-08-20 13:08:29
Database connection successful at 2025-08-20 13:08:29
Attempting database connection at 2025-08-20 13:08:33
Database connection successful at 2025-08-20 13:08:33
Attempting database connection at 2025-08-20 13:08:33
Database connection successful at 2025-08-20 13:08:33
Attempting database connection at 2025-08-20 13:08:34
Database connection successful at 2025-08-20 13:08:34
Database connection included successfully at 2025-08-20 13:08:34
Attempting to fetch posts at 2025-08-20 13:08:34
Executing query: SELECT * FROM posts ORDER BY date DESC LIMIT 20 at 2025-08-20 13:08:34
Successfully fetched 4 posts at 2025-08-20 13:08:34
Outputting JSON response at 2025-08-20 13:08:34
Attempting database connection at 2025-08-20 13:08:35
Database connection successful at 2025-08-20 13:08:35
Attempting database connection at 2025-08-20 13:08:36
Database connection successful at 2025-08-20 13:08:36
Attempting database connection at 2025-08-20 13:08:37
Database connection successful at 2025-08-20 13:08:37
Attempting database connection at 2025-08-20 13:08:38
Database connection successful at 2025-08-20 13:08:38
Attempting database connection at 2025-08-20 13:08:43
Database connection successful at 2025-08-20 13:08:43
Attempting database connection at 2025-08-20 13:08:43
Database connection successful at 2025-08-20 13:08:43
Attempting database connection at 2025-08-20 13:08:49
Database connection successful at 2025-08-20 13:08:49
Attempting database connection at 2025-08-20 13:08:49
Database connection successful at 2025-08-20 13:08:49
Attempting database connection at 2025-08-20 13:10:51
Database connection successful at 2025-08-20 13:10:51
Attempting database connection at 2025-08-20 13:14:07
Database connection successful at 2025-08-20 13:14:07
Attempting database connection at 2025-08-20 13:14:37
Database connection successful at 2025-08-20 13:14:37
Attempting database connection at 2025-08-20 13:14:51
Database connection successful at 2025-08-20 13:14:51
Attempting database connection at 2025-08-20 13:14:55
Database connection successful at 2025-08-20 13:14:55
Attempting database connection at 2025-08-20 13:15:08
Database connection successful at 2025-08-20 13:15:08
Attempting database connection at 2025-08-20 13:15:08
Database connection successful at 2025-08-20 13:15:08
Attempting database connection at 2025-08-20 13:15:09
Database connection successful at 2025-08-20 13:15:09
Attempting database connection at 2025-08-20 13:15:09
Database connection successful at 2025-08-20 13:15:09
Database connection included successfully at 2025-08-20 13:15:09
Attempting to fetch posts at 2025-08-20 13:15:09
Executing query: SELECT * FROM posts ORDER BY date DESC LIMIT 20 at 2025-08-20 13:15:09
Successfully fetched 4 posts at 2025-08-20 13:15:09
Outputting JSON response at 2025-08-20 13:15:09
Attempting database connection at 2025-08-20 13:15:11
Database connection successful at 2025-08-20 13:15:11
Attempting database connection at 2025-08-20 13:15:11
Database connection successful at 2025-08-20 13:15:11
Attempting database connection at 2025-08-20 13:22:09
Database connection successful at 2025-08-20 13:22:09
Attempting database connection at 2025-08-20 13:27:44
Database connection successful at 2025-08-20 13:27:44
Attempting database connection at 2025-08-20 13:27:44
Database connection successful at 2025-08-20 13:27:44
Database connection included successfully at 2025-08-20 13:27:44
Attempting to fetch posts at 2025-08-20 13:27:44
Executing query: SELECT * FROM posts ORDER BY date DESC LIMIT 20 at 2025-08-20 13:27:44
Successfully fetched 4 posts at 2025-08-20 13:27:44
Outputting JSON response at 2025-08-20 13:27:44
Attempting database connection at 2025-08-20 13:27:49
Database connection successful at 2025-08-20 13:27:49
Attempting database connection at 2025-08-20 13:27:49
Database connection successful at 2025-08-20 13:27:49
Attempting database connection at 2025-08-20 13:27:55
Database connection successful at 2025-08-20 13:27:55
Attempting database connection at 2025-08-20 13:28:02
Database connection successful at 2025-08-20 13:28:02
Attempting database connection at 2025-08-20 13:28:02
Database connection successful at 2025-08-20 13:28:02
Attempting database connection at 2025-08-20 13:29:02
Database connection successful at 2025-08-20 13:29:02
Attempting database connection at 2025-08-20 13:29:02
Database connection successful at 2025-08-20 13:29:02
Attempting database connection at 2025-08-20 13:29:04
Database connection successful at 2025-08-20 13:29:04
Attempting database connection at 2025-08-20 13:29:04
Database connection successful at 2025-08-20 13:29:04
Attempting database connection at 2025-08-20 13:40:02
Database connection successful at 2025-08-20 13:40:02
Attempting database connection at 2025-08-20 13:40:04
Database connection successful at 2025-08-20 13:40:04
Attempting database connection at 2025-08-20 13:40:05
Database connection successful at 2025-08-20 13:40:05
Attempting database connection at 2025-08-20 13:40:06
Database connection successful at 2025-08-20 13:40:06
Attempting database connection at 2025-08-20 13:43:17
Database connection successful at 2025-08-20 13:43:17
Attempting database connection at 2025-08-20 13:43:17
Database connection successful at 2025-08-20 13:43:17
Attempting database connection at 2025-08-20 13:43:38
Database connection successful at 2025-08-20 13:43:38
Attempting database connection at 2025-08-20 13:43:38
Database connection successful at 2025-08-20 13:43:38
Attempting database connection at 2025-08-20 13:44:04
Database connection successful at 2025-08-20 13:44:04
Attempting database connection at 2025-08-20 13:44:04
Database connection successful at 2025-08-20 13:44:07
Attempting database connection at 2025-08-20 13:45:00
Database connection successful at 2025-08-20 13:45:00
Attempting database connection at 2025-08-20 13:45:00
Database connection successful at 2025-08-20 13:45:00
Attempting database connection at 2025-08-20 13:45:01
Database connection successful at 2025-08-20 13:45:01
Attempting database connection at 2025-08-20 13:45:27
Database connection successful at 2025-08-20 13:45:27
Attempting database connection at 2025-08-20 13:45:27
Database connection successful at 2025-08-20 13:45:27
Database connection included successfully at 2025-08-20 13:45:27
Attempting to fetch posts at 2025-08-20 13:45:27
Executing query: SELECT * FROM posts ORDER BY date DESC LIMIT 20 at 2025-08-20 13:45:27
Successfully fetched 4 posts at 2025-08-20 13:45:27
Outputting JSON response at 2025-08-20 13:45:27
Attempting database connection at 2025-08-20 13:45:29
Database connection successful at 2025-08-20 13:45:29
Attempting database connection at 2025-08-20 13:45:29
Database connection successful at 2025-08-20 13:45:29
Attempting database connection at 2025-08-20 13:45:53
Database connection successful at 2025-08-20 13:45:53
Attempting database connection at 2025-08-20 13:45:53
Database connection successful at 2025-08-20 13:45:53
Attempting database connection at 2025-08-20 13:45:59
Database connection successful at 2025-08-20 13:45:59
Attempting database connection at 2025-08-20 13:45:59
Database connection successful at 2025-08-20 13:45:59
Database connection included successfully at 2025-08-20 13:45:59
Attempting to fetch posts at 2025-08-20 13:45:59
Executing query: SELECT * FROM posts ORDER BY date DESC LIMIT 20 at 2025-08-20 13:45:59
Successfully fetched 4 posts at 2025-08-20 13:45:59
Outputting JSON response at 2025-08-20 13:45:59
Attempting database connection at 2025-08-20 13:46:00
Database connection successful at 2025-08-20 13:46:00
Attempting database connection at 2025-08-20 13:46:00
Database connection successful at 2025-08-20 13:46:00
Attempting database connection at 2025-08-20 13:46:02
Database connection successful at 2025-08-20 13:46:02
Attempting database connection at 2025-08-20 13:46:03
Database connection successful at 2025-08-20 13:46:03
Attempting database connection at 2025-08-20 13:46:03
Database connection successful at 2025-08-20 13:46:03
Attempting database connection at 2025-08-20 13:46:18
Database connection successful at 2025-08-20 13:46:18
Attempting database connection at 2025-08-20 13:46:20
Database connection successful at 2025-08-20 13:46:20
Attempting database connection at 2025-08-20 13:46:21
Database connection successful at 2025-08-20 13:46:21
Attempting database connection at 2025-08-20 13:46:21
Database connection successful at 2025-08-20 13:46:21
Attempting database connection at 2025-08-20 13:46:22
Database connection successful at 2025-08-20 13:46:22
Attempting database connection at 2025-08-20 13:46:23
Database connection successful at 2025-08-20 13:46:23
Attempting database connection at 2025-08-20 13:46:23
Database connection successful at 2025-08-20 13:46:23
Attempting database connection at 2025-08-20 13:46:23
Database connection successful at 2025-08-20 13:46:23
Attempting database connection at 2025-08-20 13:46:25
Database connection successful at 2025-08-20 13:46:25
Attempting database connection at 2025-08-20 13:46:25
Database connection successful at 2025-08-20 13:46:25
Attempting database connection at 2025-08-20 13:46:25
Database connection successful at 2025-08-20 13:46:25
Attempting database connection at 2025-08-20 13:46:25
Database connection successful at 2025-08-20 13:46:25
Attempting database connection at 2025-08-20 13:46:28
Database connection successful at 2025-08-20 13:46:28
Attempting database connection at 2025-08-20 13:46:28
Database connection successful at 2025-08-20 13:46:28
Attempting database connection at 2025-08-20 13:46:56
Database connection successful at 2025-08-20 13:46:56
Attempting database connection at 2025-08-20 13:46:56
Database connection successful at 2025-08-20 13:46:56
Attempting database connection at 2025-08-20 13:46:57
Database connection successful at 2025-08-20 13:46:57
Attempting database connection at 2025-08-20 13:46:57
Database connection successful at 2025-08-20 13:46:57
Attempting database connection at 2025-08-20 13:46:59
Database connection successful at 2025-08-20 13:46:59
Attempting database connection at 2025-08-20 13:46:59
Database connection successful at 2025-08-20 13:46:59
Attempting database connection at 2025-08-20 13:47:01
Database connection successful at 2025-08-20 13:47:01
Attempting database connection at 2025-08-20 13:47:01
Database connection successful at 2025-08-20 13:47:01
Attempting database connection at 2025-08-20 13:47:05
Database connection successful at 2025-08-20 13:47:05
Attempting database connection at 2025-08-20 13:47:05
Database connection successful at 2025-08-20 13:47:05
Attempting database connection at 2025-08-20 13:59:34
Database connection successful at 2025-08-20 13:59:34
Attempting database connection at 2025-08-20 13:59:35
Database connection successful at 2025-08-20 13:59:35
Attempting database connection at 2025-08-20 14:02:34
Database connection successful at 2025-08-20 14:02:34
Attempting database connection at 2025-08-20 14:02:34
Database connection successful at 2025-08-20 14:02:34
Attempting database connection at 2025-08-20 14:02:48
Database connection successful at 2025-08-20 14:02:48
Attempting database connection at 2025-08-20 14:02:49
Database connection successful at 2025-08-20 14:02:49
Attempting database connection at 2025-08-20 14:02:49
Database connection successful at 2025-08-20 14:02:49
Attempting database connection at 2025-08-20 14:02:49
Database connection successful at 2025-08-20 14:02:49
Database connection included successfully at 2025-08-20 14:02:49
Attempting to fetch posts at 2025-08-20 14:02:49
Executing query: SELECT * FROM posts ORDER BY date DESC LIMIT 20 at 2025-08-20 14:02:49
Successfully fetched 4 posts at 2025-08-20 14:02:49
Outputting JSON response at 2025-08-20 14:02:49
Attempting database connection at 2025-08-20 14:02:51
Database connection successful at 2025-08-20 14:02:51
Attempting database connection at 2025-08-20 14:02:51
Database connection successful at 2025-08-20 14:02:51
Attempting database connection at 2025-08-20 14:03:17
Database connection successful at 2025-08-20 14:03:17
Attempting database connection at 2025-08-20 14:03:17
Database connection successful at 2025-08-20 14:03:17
Attempting database connection at 2025-08-20 14:06:33
Database connection successful at 2025-08-20 14:06:33
Attempting database connection at 2025-08-20 14:06:33
Database connection successful at 2025-08-20 14:06:33
Attempting database connection at 2025-08-20 14:07:00
Database connection successful at 2025-08-20 14:07:00
Attempting database connection at 2025-08-20 14:07:00
Database connection successful at 2025-08-20 14:07:00
Attempting database connection at 2025-08-20 14:07:00
Database connection successful at 2025-08-20 14:07:00
Attempting database connection at 2025-08-20 14:07:00
Database connection successful at 2025-08-20 14:07:00
Attempting database connection at 2025-08-20 14:07:00
Database connection successful at 2025-08-20 14:07:00
Attempting database connection at 2025-08-20 14:07:01
Database connection successful at 2025-08-20 14:07:01
Attempting database connection at 2025-08-20 14:07:03
Database connection successful at 2025-08-20 14:07:03
Attempting database connection at 2025-08-20 14:07:03
Database connection successful at 2025-08-20 14:07:03
Attempting database connection at 2025-08-20 14:07:04
Database connection successful at 2025-08-20 14:07:04
Attempting database connection at 2025-08-20 14:07:04
Database connection successful at 2025-08-20 14:07:04
Attempting database connection at 2025-08-20 14:07:04
Database connection successful at 2025-08-20 14:07:04
Attempting database connection at 2025-08-20 14:07:04
Database connection successful at 2025-08-20 14:07:04
Attempting database connection at 2025-08-20 14:07:04
Database connection successful at 2025-08-20 14:07:04
Attempting database connection at 2025-08-20 14:07:04
Database connection successful at 2025-08-20 14:07:04
Attempting database connection at 2025-08-20 14:07:04
Database connection successful at 2025-08-20 14:07:04
Attempting database connection at 2025-08-20 14:07:04
Database connection successful at 2025-08-20 14:07:04
Attempting database connection at 2025-08-20 14:07:04
Database connection successful at 2025-08-20 14:07:04
Attempting database connection at 2025-08-20 14:07:05
Database connection successful at 2025-08-20 14:07:05
Attempting database connection at 2025-08-20 14:07:10
Database connection successful at 2025-08-20 14:07:10
Attempting database connection at 2025-08-20 14:07:10
Database connection successful at 2025-08-20 14:07:10
Attempting database connection at 2025-08-20 14:10:04
Database connection successful at 2025-08-20 14:10:04
Attempting database connection at 2025-08-20 14:10:04
Database connection successful at 2025-08-20 14:10:04
Attempting database connection at 2025-08-20 14:10:05
Database connection successful at 2025-08-20 14:10:05
Attempting database connection at 2025-08-20 14:10:05
Database connection successful at 2025-08-20 14:10:05
Attempting database connection at 2025-08-20 14:10:06
Database connection successful at 2025-08-20 14:10:06
Attempting database connection at 2025-08-20 14:10:06
Database connection successful at 2025-08-20 14:10:06
Attempting database connection at 2025-08-20 14:10:06
Database connection successful at 2025-08-20 14:10:06
Attempting database connection at 2025-08-20 14:10:06
Database connection successful at 2025-08-20 14:10:06
Attempting database connection at 2025-08-20 14:10:13
Database connection successful at 2025-08-20 14:10:13
Attempting database connection at 2025-08-20 14:10:28
Database connection successful at 2025-08-20 14:10:28
Attempting database connection at 2025-08-20 14:12:07
Database connection successful at 2025-08-20 14:12:07
Attempting database connection at 2025-08-20 14:12:11
Database connection successful at 2025-08-20 14:12:11
Attempting database connection at 2025-08-20 14:12:11
Database connection successful at 2025-08-20 14:12:11
Attempting database connection at 2025-08-20 14:15:48
Database connection successful at 2025-08-20 14:15:48
Attempting database connection at 2025-08-20 14:19:45
Database connection successful at 2025-08-20 14:19:45
Attempting database connection at 2025-08-20 14:19:45
Database connection successful at 2025-08-20 14:19:45
Attempting database connection at 2025-08-20 14:19:45
Database connection successful at 2025-08-20 14:19:45
Attempting database connection at 2025-08-20 14:19:45
Database connection successful at 2025-08-20 14:19:45
Attempting database connection at 2025-08-20 14:19:45
Database connection successful at 2025-08-20 14:19:45
Attempting database connection at 2025-08-20 14:19:45
Database connection successful at 2025-08-20 14:19:45
Attempting database connection at 2025-08-20 14:19:46
Database connection successful at 2025-08-20 14:19:46
Attempting database connection at 2025-08-20 14:19:46
Database connection successful at 2025-08-20 14:19:46
Attempting database connection at 2025-08-20 14:29:12
Database connection successful at 2025-08-20 14:29:12
Attempting database connection at 2025-08-20 14:31:52
Database connection successful at 2025-08-20 14:31:52
Attempting database connection at 2025-08-20 14:31:52
Database connection successful at 2025-08-20 14:31:52
Attempting database connection at 2025-08-20 14:32:10
Database connection successful at 2025-08-20 14:32:10
Attempting database connection at 2025-08-20 14:32:17
Database connection successful at 2025-08-20 14:32:17
Attempting database connection at 2025-08-20 14:32:17
Database connection successful at 2025-08-20 14:32:17
Attempting database connection at 2025-08-20 14:32:17
Database connection successful at 2025-08-20 14:32:17
Database connection included successfully at 2025-08-20 14:32:17
Attempting to fetch posts at 2025-08-20 14:32:17
Executing query: SELECT * FROM posts ORDER BY date DESC LIMIT 20 at 2025-08-20 14:32:17
Successfully fetched 4 posts at 2025-08-20 14:32:17
Outputting JSON response at 2025-08-20 14:32:17
Attempting database connection at 2025-08-20 14:32:19
Database connection successful at 2025-08-20 14:32:19
Attempting database connection at 2025-08-20 14:32:19
Database connection successful at 2025-08-20 14:32:19
Attempting database connection at 2025-08-20 14:32:21
Database connection successful at 2025-08-20 14:32:21
Attempting database connection at 2025-08-20 14:32:22
Database connection successful at 2025-08-20 14:32:22
Attempting database connection at 2025-08-20 14:33:50
Database connection successful at 2025-08-20 14:33:50
Attempting database connection at 2025-08-20 14:33:50
Database connection successful at 2025-08-20 14:33:50
Attempting database connection at 2025-08-20 14:33:51
Database connection successful at 2025-08-20 14:33:51
Attempting database connection at 2025-08-20 14:33:51
Database connection successful at 2025-08-20 14:33:51
Attempting database connection at 2025-08-20 14:34:18
Database connection successful at 2025-08-20 14:34:18
Attempting database connection at 2025-08-20 14:34:18
Database connection successful at 2025-08-20 14:34:18
Attempting database connection at 2025-08-20 14:34:18
Database connection successful at 2025-08-20 14:34:18
Attempting database connection at 2025-08-20 14:34:19
Database connection successful at 2025-08-20 14:34:19
Attempting database connection at 2025-08-20 14:34:20
Database connection successful at 2025-08-20 14:34:20
Attempting database connection at 2025-08-20 14:34:20
Database connection successful at 2025-08-20 14:34:20
Attempting database connection at 2025-08-20 14:35:30
Database connection successful at 2025-08-20 14:35:30
Attempting database connection at 2025-08-20 14:35:30
Database connection successful at 2025-08-20 14:35:30
Attempting database connection at 2025-08-20 14:35:31
Database connection successful at 2025-08-20 14:35:31
Attempting database connection at 2025-08-20 14:35:31
Database connection successful at 2025-08-20 14:35:31
Attempting database connection at 2025-08-20 14:35:31
Database connection successful at 2025-08-20 14:35:31
Attempting database connection at 2025-08-20 14:35:31
Database connection successful at 2025-08-20 14:35:31
Attempting database connection at 2025-08-20 14:35:47
Database connection successful at 2025-08-20 14:35:47
Attempting database connection at 2025-08-20 14:35:47
Database connection successful at 2025-08-20 14:35:47
Attempting database connection at 2025-08-20 14:35:48
Database connection successful at 2025-08-20 14:35:48
Attempting database connection at 2025-08-20 14:35:48
Database connection successful at 2025-08-20 14:35:48
Attempting database connection at 2025-08-20 14:35:49
Database connection successful at 2025-08-20 14:35:49
Attempting database connection at 2025-08-20 14:35:49
Database connection successful at 2025-08-20 14:35:49
Attempting database connection at 2025-08-20 14:35:49
Database connection successful at 2025-08-20 14:35:49
Attempting database connection at 2025-08-20 14:35:49
Database connection successful at 2025-08-20 14:35:49
Attempting database connection at 2025-08-20 14:35:49
Database connection successful at 2025-08-20 14:35:49
Attempting database connection at 2025-08-20 14:35:49
Database connection successful at 2025-08-20 14:35:49
Attempting database connection at 2025-08-20 14:35:56
Database connection successful at 2025-08-20 14:35:56
Attempting database connection at 2025-08-20 14:35:57
Database connection successful at 2025-08-20 14:35:57
Attempting database connection at 2025-08-20 14:35:57
Database connection successful at 2025-08-20 14:35:57
Attempting database connection at 2025-08-20 14:35:57
Database connection successful at 2025-08-20 14:35:57
Database connection included successfully at 2025-08-20 14:35:57
Attempting to fetch posts at 2025-08-20 14:35:57
Executing query: SELECT * FROM posts ORDER BY date DESC LIMIT 20 at 2025-08-20 14:35:57
Successfully fetched 4 posts at 2025-08-20 14:35:57
Outputting JSON response at 2025-08-20 14:35:57
Attempting database connection at 2025-08-20 14:35:59
Database connection successful at 2025-08-20 14:35:59
Attempting database connection at 2025-08-20 14:35:59
Database connection successful at 2025-08-20 14:35:59
Attempting database connection at 2025-08-20 14:36:00
Database connection successful at 2025-08-20 14:36:00
Attempting database connection at 2025-08-20 14:36:00
Database connection successful at 2025-08-20 14:36:00
Attempting database connection at 2025-08-20 14:36:37
Database connection successful at 2025-08-20 14:36:37
Attempting database connection at 2025-08-20 14:36:37
Database connection successful at 2025-08-20 14:36:37
Attempting database connection at 2025-08-20 14:36:38
Database connection successful at 2025-08-20 14:36:38
Attempting database connection at 2025-08-20 14:36:38
Database connection successful at 2025-08-20 14:36:38
Attempting database connection at 2025-08-20 14:36:38
Database connection successful at 2025-08-20 14:36:38
Attempting database connection at 2025-08-20 14:36:38
Database connection successful at 2025-08-20 14:36:38
Attempting database connection at 2025-08-20 14:36:38
Database connection successful at 2025-08-20 14:36:38
Attempting database connection at 2025-08-20 14:36:38
Database connection successful at 2025-08-20 14:36:38
Attempting database connection at 2025-08-20 14:36:38
Database connection successful at 2025-08-20 14:36:38
Attempting database connection at 2025-08-20 14:36:39
Database connection successful at 2025-08-20 14:36:39
Attempting database connection at 2025-08-20 14:36:45
Database connection successful at 2025-08-20 14:36:45
Attempting database connection at 2025-08-20 14:36:46
Database connection successful at 2025-08-20 14:36:46
Attempting database connection at 2025-08-20 14:36:46
Database connection successful at 2025-08-20 14:36:46
Attempting database connection at 2025-08-20 14:36:46
Database connection successful at 2025-08-20 14:36:46
Database connection included successfully at 2025-08-20 14:36:46
Attempting to fetch posts at 2025-08-20 14:36:46
Executing query: SELECT * FROM posts ORDER BY date DESC LIMIT 20 at 2025-08-20 14:36:46
Successfully fetched 4 posts at 2025-08-20 14:36:46
Outputting JSON response at 2025-08-20 14:36:46
Attempting database connection at 2025-08-20 14:36:49
Database connection successful at 2025-08-20 14:36:49
Attempting database connection at 2025-08-20 14:36:49
Database connection successful at 2025-08-20 14:36:49
Attempting database connection at 2025-08-20 14:36:50
Database connection successful at 2025-08-20 14:36:50
Attempting database connection at 2025-08-20 14:36:50
Database connection successful at 2025-08-20 14:36:50
Attempting database connection at 2025-08-20 14:37:45
Database connection successful at 2025-08-20 14:37:45
Attempting database connection at 2025-08-20 14:37:45
Database connection successful at 2025-08-20 14:37:45
Attempting database connection at 2025-08-20 14:37:47
Database connection successful at 2025-08-20 14:37:47
Attempting database connection at 2025-08-20 14:37:47
Database connection successful at 2025-08-20 14:37:47
Attempting database connection at 2025-08-20 14:37:49
Database connection successful at 2025-08-20 14:37:49
Database connection included successfully at 2025-08-20 14:37:49
Attempting to fetch posts at 2025-08-20 14:37:49
Executing query: SELECT * FROM posts ORDER BY date DESC LIMIT 20 at 2025-08-20 14:37:49
Successfully fetched 4 posts at 2025-08-20 14:37:49
Outputting JSON response at 2025-08-20 14:37:49
Attempting database connection at 2025-08-20 14:37:50
Database connection successful at 2025-08-20 14:37:50
Attempting database connection at 2025-08-20 14:37:52
Database connection successful at 2025-08-20 14:37:52
Attempting database connection at 2025-08-20 14:37:54
Database connection successful at 2025-08-20 14:37:54
Attempting database connection at 2025-08-20 14:37:54
Database connection successful at 2025-08-20 14:37:54
Attempting database connection at 2025-08-20 14:39:22
Database connection successful at 2025-08-20 14:39:22
Attempting database connection at 2025-08-20 14:39:22
Database connection successful at 2025-08-20 14:39:22
Attempting database connection at 2025-08-20 14:39:44
Database connection successful at 2025-08-20 14:39:44
Attempting database connection at 2025-08-20 14:39:44
Database connection successful at 2025-08-20 14:39:44
Attempting database connection at 2025-08-20 14:39:45
Database connection successful at 2025-08-20 14:39:45
Attempting database connection at 2025-08-20 14:39:45
Database connection successful at 2025-08-20 14:39:45
Attempting database connection at 2025-08-20 14:39:47
Database connection successful at 2025-08-20 14:39:47
Attempting database connection at 2025-08-20 14:39:47
Database connection successful at 2025-08-20 14:39:47
Attempting database connection at 2025-08-20 14:39:48
Database connection successful at 2025-08-20 14:39:48
Attempting database connection at 2025-08-20 14:39:48
Database connection successful at 2025-08-20 14:39:48
Attempting database connection at 2025-08-20 14:39:48
Database connection successful at 2025-08-20 14:39:48
Attempting database connection at 2025-08-20 14:39:48
Database connection successful at 2025-08-20 14:39:48
Attempting database connection at 2025-08-20 14:39:48
Database connection successful at 2025-08-20 14:39:48
Attempting database connection at 2025-08-20 14:39:48
Database connection successful at 2025-08-20 14:39:48
Attempting database connection at 2025-08-20 14:39:48
Database connection successful at 2025-08-20 14:39:48
Attempting database connection at 2025-08-20 14:39:48
Database connection successful at 2025-08-20 14:39:48
Attempting database connection at 2025-08-20 14:39:49
Database connection successful at 2025-08-20 14:39:49
Attempting database connection at 2025-08-20 14:39:49
Database connection successful at 2025-08-20 14:39:49
Attempting database connection at 2025-08-20 14:42:41
Database connection successful at 2025-08-20 14:42:41
Attempting database connection at 2025-08-20 14:42:41
Database connection successful at 2025-08-20 14:42:41
Attempting database connection at 2025-08-20 14:42:42
Database connection successful at 2025-08-20 14:42:42
Attempting database connection at 2025-08-20 14:42:42
Database connection successful at 2025-08-20 14:42:42
Attempting database connection at 2025-08-20 14:42:42
Database connection successful at 2025-08-20 14:42:42
Attempting database connection at 2025-08-20 14:42:42
Database connection successful at 2025-08-20 14:42:42
Attempting database connection at 2025-08-20 14:42:42
Database connection successful at 2025-08-20 14:42:42
Attempting database connection at 2025-08-20 14:42:42
Database connection successful at 2025-08-20 14:42:42
Attempting database connection at 2025-08-20 14:42:42
Database connection successful at 2025-08-20 14:42:42
Attempting database connection at 2025-08-20 14:42:43
Database connection successful at 2025-08-20 14:42:43
Attempting database connection at 2025-08-20 14:42:43
Database connection successful at 2025-08-20 14:42:43
Attempting database connection at 2025-08-20 14:42:43
Database connection successful at 2025-08-20 14:42:43
Attempting database connection at 2025-08-20 14:42:43
Database connection successful at 2025-08-20 14:42:43
Attempting database connection at 2025-08-20 14:42:43
Database connection successful at 2025-08-20 14:42:43
Attempting database connection at 2025-08-20 14:42:44
Database connection successful at 2025-08-20 14:42:44
Attempting database connection at 2025-08-20 14:42:44
Database connection successful at 2025-08-20 14:42:44
Attempting database connection at 2025-08-20 14:42:44
Database connection successful at 2025-08-20 14:42:44
Attempting database connection at 2025-08-20 14:42:44
Database connection successful at 2025-08-20 14:42:44
Attempting database connection at 2025-08-20 14:42:44
Database connection successful at 2025-08-20 14:42:44
Attempting database connection at 2025-08-20 14:42:44
Database connection successful at 2025-08-20 14:42:44
Attempting database connection at 2025-08-20 14:42:44
Database connection successful at 2025-08-20 14:42:44
Attempting database connection at 2025-08-20 14:42:44
Database connection successful at 2025-08-20 14:42:44
Attempting database connection at 2025-08-20 14:42:44
Database connection successful at 2025-08-20 14:42:44
Attempting database connection at 2025-08-20 14:42:44
Database connection successful at 2025-08-20 14:42:44
Attempting database connection at 2025-08-20 14:52:41
Database connection successful at 2025-08-20 14:52:41
Attempting database connection at 2025-08-20 14:52:41
Database connection successful at 2025-08-20 14:52:41
Attempting database connection at 2025-08-20 14:55:32
Database connection successful at 2025-08-20 14:55:32
Attempting database connection at 2025-08-20 14:55:32
Database connection successful at 2025-08-20 14:55:32
Database connection included successfully at 2025-08-20 14:55:32
Attempting to fetch posts at 2025-08-20 14:55:32
Executing query: SELECT * FROM posts ORDER BY date DESC LIMIT 20 at 2025-08-20 14:55:32
Successfully fetched 4 posts at 2025-08-20 14:55:32
Outputting JSON response at 2025-08-20 14:55:32
Attempting database connection at 2025-08-20 14:55:34
Database connection successful at 2025-08-20 14:55:34
Attempting database connection at 2025-08-20 14:55:34
Database connection successful at 2025-08-20 14:55:34
Attempting database connection at 2025-08-20 14:56:55
Database connection successful at 2025-08-20 14:56:55
Attempting database connection at 2025-08-20 14:56:56
Database connection successful at 2025-08-20 14:56:56
Attempting database connection at 2025-08-20 14:56:56
Database connection successful at 2025-08-20 14:56:56
Attempting database connection at 2025-08-20 14:56:56
Database connection successful at 2025-08-20 14:56:56
Database connection included successfully at 2025-08-20 14:56:56
Attempting to fetch posts at 2025-08-20 14:56:56
Executing query: SELECT * FROM posts ORDER BY date DESC LIMIT 20 at 2025-08-20 14:56:56
Successfully fetched 4 posts at 2025-08-20 14:56:56
Outputting JSON response at 2025-08-20 14:56:56
Attempting database connection at 2025-08-20 14:56:58
Database connection successful at 2025-08-20 14:56:58
Attempting database connection at 2025-08-20 14:56:58
Database connection successful at 2025-08-20 14:56:58
Attempting database connection at 2025-08-20 14:57:06
Database connection successful at 2025-08-20 14:57:06
Attempting database connection at 2025-08-20 14:57:06
Database connection successful at 2025-08-20 14:57:06
Attempting database connection at 2025-08-20 14:57:45
Database connection successful at 2025-08-20 14:57:45
Attempting database connection at 2025-08-20 14:57:45
Database connection successful at 2025-08-20 14:57:45
Attempting database connection at 2025-08-20 14:57:53
Database connection successful at 2025-08-20 14:57:53
Attempting database connection at 2025-08-20 14:57:53
Database connection successful at 2025-08-20 14:57:53
Attempting database connection at 2025-08-20 15:01:11
Database connection successful at 2025-08-20 15:01:11
Attempting database connection at 2025-08-20 15:01:12
Database connection successful at 2025-08-20 15:01:12
Attempting database connection at 2025-08-20 15:01:12
Database connection successful at 2025-08-20 15:01:12
Attempting database connection at 2025-08-20 15:01:13
Database connection successful at 2025-08-20 15:01:13
Database connection included successfully at 2025-08-20 15:01:13
Attempting to fetch posts at 2025-08-20 15:01:13
Executing query: SELECT * FROM posts ORDER BY date DESC LIMIT 20 at 2025-08-20 15:01:13
Successfully fetched 4 posts at 2025-08-20 15:01:13
Outputting JSON response at 2025-08-20 15:01:13
Attempting database connection at 2025-08-20 15:01:15
Database connection successful at 2025-08-20 15:01:15
Attempting database connection at 2025-08-20 15:01:15
Database connection successful at 2025-08-20 15:01:15
Attempting database connection at 2025-08-20 15:01:22
Database connection successful at 2025-08-20 15:01:22
Attempting database connection at 2025-08-20 15:01:22
Database connection successful at 2025-08-20 15:01:22
Attempting database connection at 2025-08-20 15:01:50
Database connection successful at 2025-08-20 15:01:50
Attempting database connection at 2025-08-20 15:02:01
Database connection successful at 2025-08-20 15:02:01
Attempting database connection at 2025-08-20 15:02:02
Database connection successful at 2025-08-20 15:02:02
Attempting database connection at 2025-08-20 15:02:03
Database connection successful at 2025-08-20 15:02:03
Attempting database connection at 2025-08-20 15:02:03
Database connection successful at 2025-08-20 15:02:03
Database connection included successfully at 2025-08-20 15:02:03
Attempting to fetch posts at 2025-08-20 15:02:03
Executing query: SELECT * FROM posts ORDER BY date DESC LIMIT 20 at 2025-08-20 15:02:03
Successfully fetched 4 posts at 2025-08-20 15:02:03
Outputting JSON response at 2025-08-20 15:02:03
Attempting database connection at 2025-08-20 15:02:04
Database connection successful at 2025-08-20 15:02:04
Attempting database connection at 2025-08-20 15:02:08
Database connection successful at 2025-08-20 15:02:08
Attempting database connection at 2025-08-20 15:02:12
Database connection successful at 2025-08-20 15:02:12
Attempting database connection at 2025-08-20 15:02:12
Database connection successful at 2025-08-20 15:02:12
Attempting database connection at 2025-08-20 15:02:16
Database connection successful at 2025-08-20 15:02:16
Attempting database connection at 2025-08-20 15:02:16
Database connection successful at 2025-08-20 15:02:16
Attempting database connection at 2025-08-20 15:02:16
Database connection successful at 2025-08-20 15:02:16
Attempting database connection at 2025-08-20 15:02:16
Database connection successful at 2025-08-20 15:02:16
Attempting database connection at 2025-08-20 15:02:16
Database connection successful at 2025-08-20 15:02:16
Attempting database connection at 2025-08-20 15:02:16
Database connection successful at 2025-08-20 15:02:16
Attempting database connection at 2025-08-20 15:04:05
Database connection successful at 2025-08-20 15:04:05
Attempting database connection at 2025-08-20 15:04:05
Database connection successful at 2025-08-20 15:04:05
Attempting database connection at 2025-08-20 15:04:09
Database connection successful at 2025-08-20 15:04:09
Attempting database connection at 2025-08-20 15:04:09
Database connection successful at 2025-08-20 15:04:09
Attempting database connection at 2025-08-20 15:08:04
Database connection successful at 2025-08-20 15:08:04
Attempting database connection at 2025-08-20 15:08:04
Database connection successful at 2025-08-20 15:08:04
Attempting database connection at 2025-08-20 15:08:05
Database connection successful at 2025-08-20 15:08:05
Attempting database connection at 2025-08-20 15:08:05
Database connection successful at 2025-08-20 15:08:05
Attempting database connection at 2025-08-20 15:08:05
Database connection successful at 2025-08-20 15:08:05
Attempting database connection at 2025-08-20 15:08:05
Database connection successful at 2025-08-20 15:08:05
Attempting database connection at 2025-08-20 15:08:33
Database connection successful at 2025-08-20 15:08:33
Attempting database connection at 2025-08-20 15:08:34
Database connection successful at 2025-08-20 15:08:34
Attempting database connection at 2025-08-20 15:08:39
Database connection successful at 2025-08-20 15:08:39
Attempting database connection at 2025-08-20 15:08:39
Database connection successful at 2025-08-20 15:08:39
Attempting database connection at 2025-08-20 15:08:41
Database connection successful at 2025-08-20 15:08:41
Attempting database connection at 2025-08-20 15:08:41
Database connection successful at 2025-08-20 15:08:41
Attempting database connection at 2025-08-20 15:08:42
Database connection successful at 2025-08-20 15:08:42
Attempting database connection at 2025-08-20 15:08:42
Database connection successful at 2025-08-20 15:08:42
Attempting database connection at 2025-08-20 15:08:42
Database connection successful at 2025-08-20 15:08:42
Attempting database connection at 2025-08-20 15:08:42
Database connection successful at 2025-08-20 15:08:42
Attempting database connection at 2025-08-20 15:08:42
Database connection successful at 2025-08-20 15:08:42
Attempting database connection at 2025-08-20 15:08:42
Database connection successful at 2025-08-20 15:08:42
Attempting database connection at 2025-08-20 15:08:43
Database connection successful at 2025-08-20 15:08:43
Attempting database connection at 2025-08-20 15:08:43
Database connection successful at 2025-08-20 15:08:43
Attempting database connection at 2025-08-20 15:08:45
Database connection successful at 2025-08-20 15:08:45
Attempting database connection at 2025-08-20 15:08:45
Database connection successful at 2025-08-20 15:08:45
Database connection included successfully at 2025-08-20 15:08:45
Attempting to fetch posts at 2025-08-20 15:08:45
Executing query: SELECT * FROM posts ORDER BY date DESC LIMIT 20 at 2025-08-20 15:08:45
Successfully fetched 4 posts at 2025-08-20 15:08:45
Outputting JSON response at 2025-08-20 15:08:45
Attempting database connection at 2025-08-20 15:08:46
Database connection successful at 2025-08-20 15:08:46
Attempting database connection at 2025-08-20 15:08:46
Database connection successful at 2025-08-20 15:08:46
Attempting database connection at 2025-08-20 15:09:15
Database connection successful at 2025-08-20 15:09:15
Attempting database connection at 2025-08-20 15:09:15
Database connection successful at 2025-08-20 15:09:15
Attempting database connection at 2025-08-20 15:09:16
Database connection successful at 2025-08-20 15:09:16
Attempting database connection at 2025-08-20 15:09:17
Database connection successful at 2025-08-20 15:09:17
Attempting database connection at 2025-08-20 15:10:53
Database connection successful at 2025-08-20 15:10:53
Attempting database connection at 2025-08-20 15:10:56
Database connection successful at 2025-08-20 15:10:56
Attempting database connection at 2025-08-20 15:10:56
Database connection successful at 2025-08-20 15:10:56
Attempting database connection at 2025-08-20 15:10:56
Database connection successful at 2025-08-20 15:10:56
Database connection included successfully at 2025-08-20 15:10:56
Attempting to fetch posts at 2025-08-20 15:10:56
Executing query: SELECT * FROM posts ORDER BY date DESC LIMIT 20 at 2025-08-20 15:10:56
Successfully fetched 4 posts at 2025-08-20 15:10:56
Outputting JSON response at 2025-08-20 15:10:56
Attempting database connection at 2025-08-20 15:10:58
Database connection successful at 2025-08-20 15:10:58
Attempting database connection at 2025-08-20 15:10:58
Database connection successful at 2025-08-20 15:10:58
Attempting database connection at 2025-08-20 15:11:06
Database connection successful at 2025-08-20 15:11:06
Attempting database connection at 2025-08-20 15:11:06
Database connection successful at 2025-08-20 15:11:06
Attempting database connection at 2025-08-20 15:16:18
Database connection successful at 2025-08-20 15:16:18
Attempting database connection at 2025-08-20 15:16:20
Database connection successful at 2025-08-20 15:16:20
Attempting database connection at 2025-08-20 15:16:20
Database connection successful at 2025-08-20 15:16:20
Attempting database connection at 2025-08-20 15:16:41
Database connection successful at 2025-08-20 15:16:41
Attempting database connection at 2025-08-20 15:16:41
Database connection successful at 2025-08-20 15:16:41
Attempting database connection at 2025-08-20 15:29:08
Database connection successful at 2025-08-20 15:29:08
Attempting database connection at 2025-08-20 15:43:11
Database connection successful at 2025-08-20 15:43:11
Attempting database connection at 2025-08-20 15:43:20
Database connection successful at 2025-08-20 15:43:20
Attempting database connection at 2025-08-20 15:43:23
Database connection successful at 2025-08-20 15:43:23
Attempting database connection at 2025-08-20 15:43:23
Database connection successful at 2025-08-20 15:43:23
Attempting database connection at 2025-08-20 15:43:23
Database connection successful at 2025-08-20 15:43:23
Database connection included successfully at 2025-08-20 15:43:23
Attempting to fetch posts at 2025-08-20 15:43:23
Executing query: SELECT * FROM posts ORDER BY date DESC LIMIT 20 at 2025-08-20 15:43:23
Successfully fetched 4 posts at 2025-08-20 15:43:23
Outputting JSON response at 2025-08-20 15:43:23
Attempting database connection at 2025-08-20 15:43:27
Database connection successful at 2025-08-20 15:43:27
Attempting database connection at 2025-08-20 15:43:27
Database connection successful at 2025-08-20 15:43:27
Attempting database connection at 2025-08-20 15:44:22
Database connection successful at 2025-08-20 15:44:22
Attempting database connection at 2025-08-20 15:44:23
Database connection successful at 2025-08-20 15:44:23
Attempting database connection at 2025-08-20 15:44:23
Database connection successful at 2025-08-20 15:44:23
Attempting database connection at 2025-08-20 15:44:23
Database connection successful at 2025-08-20 15:44:23
Attempting database connection at 2025-08-20 15:44:23
Database connection successful at 2025-08-20 15:44:23
Attempting database connection at 2025-08-20 15:44:23
Database connection successful at 2025-08-20 15:44:23
Attempting database connection at 2025-08-20 15:55:12
Database connection successful at 2025-08-20 15:55:12
Attempting database connection at 2025-08-20 15:55:12
Database connection successful at 2025-08-20 15:55:12
Attempting database connection at 2025-08-20 15:55:12
Database connection successful at 2025-08-20 15:55:12
Attempting database connection at 2025-08-20 15:55:12
Database connection successful at 2025-08-20 15:55:12
Attempting database connection at 2025-08-20 15:55:27
Database connection successful at 2025-08-20 15:55:27
Attempting database connection at 2025-08-20 15:55:28
Database connection successful at 2025-08-20 15:55:28
Attempting database connection at 2025-08-20 15:55:28
Database connection successful at 2025-08-20 15:55:28
Attempting database connection at 2025-08-20 15:55:29
Database connection successful at 2025-08-20 15:55:29
Database connection included successfully at 2025-08-20 15:55:29
Attempting to fetch posts at 2025-08-20 15:55:29
Executing query: SELECT * FROM posts ORDER BY date DESC LIMIT 20 at 2025-08-20 15:55:29
Successfully fetched 4 posts at 2025-08-20 15:55:29
Outputting JSON response at 2025-08-20 15:55:29
Attempting database connection at 2025-08-20 15:55:31
Database connection successful at 2025-08-20 15:55:31
Attempting database connection at 2025-08-20 15:55:31
Database connection successful at 2025-08-20 15:55:31
Attempting database connection at 2025-08-20 15:56:01
Database connection successful at 2025-08-20 15:56:01
Attempting database connection at 2025-08-20 15:56:01
Database connection successful at 2025-08-20 15:56:01
Attempting database connection at 2025-08-20 15:56:01
Database connection successful at 2025-08-20 15:56:01
Attempting database connection at 2025-08-20 15:56:01
Database connection successful at 2025-08-20 15:56:01
Attempting database connection at 2025-08-20 15:56:01
Database connection successful at 2025-08-20 15:56:01
Attempting database connection at 2025-08-20 15:56:01
Database connection successful at 2025-08-20 15:56:01
Attempting database connection at 2025-08-20 15:56:01
Database connection successful at 2025-08-20 15:56:01
Attempting database connection at 2025-08-20 15:56:01
Database connection successful at 2025-08-20 15:56:01
Attempting database connection at 2025-08-20 15:56:02
Database connection successful at 2025-08-20 15:56:02
Attempting database connection at 2025-08-20 15:56:02
Database connection successful at 2025-08-20 15:56:02
Attempting database connection at 2025-08-20 15:56:21
Database connection successful at 2025-08-20 15:56:21
Attempting database connection at 2025-08-20 15:56:21
Database connection successful at 2025-08-20 15:56:21
Attempting database connection at 2025-08-20 15:56:46
Database connection successful at 2025-08-20 15:56:46
Attempting database connection at 2025-08-20 15:56:46
Database connection successful at 2025-08-20 15:56:46
Attempting database connection at 2025-08-20 15:56:47
Database connection successful at 2025-08-20 15:56:47
Attempting database connection at 2025-08-20 15:56:47
Database connection successful at 2025-08-20 15:56:47
Attempting database connection at 2025-08-20 15:56:50
Database connection successful at 2025-08-20 15:56:50
Attempting database connection at 2025-08-20 15:56:50
Database connection successful at 2025-08-20 15:56:50
Attempting database connection at 2025-08-20 15:56:50
Database connection successful at 2025-08-20 15:56:50
Attempting database connection at 2025-08-20 15:56:50
Database connection successful at 2025-08-20 15:56:50
Attempting database connection at 2025-08-20 15:56:50
Database connection successful at 2025-08-20 15:56:50
Attempting database connection at 2025-08-20 15:56:50
Database connection successful at 2025-08-20 15:56:50
Attempting database connection at 2025-08-20 15:57:00
Database connection successful at 2025-08-20 15:57:00
Attempting database connection at 2025-08-20 15:57:03
Database connection successful at 2025-08-20 15:57:03
Attempting database connection at 2025-08-20 15:57:03
Database connection successful at 2025-08-20 15:57:03
Attempting database connection at 2025-08-20 15:57:03
Database connection successful at 2025-08-20 15:57:03
Database connection included successfully at 2025-08-20 15:57:03
Attempting to fetch posts at 2025-08-20 15:57:03
Executing query: SELECT * FROM posts ORDER BY date DESC LIMIT 20 at 2025-08-20 15:57:03
Successfully fetched 4 posts at 2025-08-20 15:57:03
Outputting JSON response at 2025-08-20 15:57:03
Attempting database connection at 2025-08-20 15:57:04
Database connection successful at 2025-08-20 15:57:04
Attempting database connection at 2025-08-20 15:57:04
Database connection successful at 2025-08-20 15:57:04
Attempting database connection at 2025-08-20 15:58:02
Database connection successful at 2025-08-20 15:58:02
Attempting database connection at 2025-08-20 15:58:04
Database connection successful at 2025-08-20 15:58:04
Attempting database connection at 2025-08-20 15:58:04
Database connection successful at 2025-08-20 15:58:04
Attempting database connection at 2025-08-20 15:58:05
Database connection successful at 2025-08-20 15:58:05
Database connection included successfully at 2025-08-20 15:58:05
Attempting to fetch posts at 2025-08-20 15:58:05
Executing query: SELECT * FROM posts ORDER BY date DESC LIMIT 20 at 2025-08-20 15:58:05
Successfully fetched 4 posts at 2025-08-20 15:58:05
Outputting JSON response at 2025-08-20 15:58:05
Attempting database connection at 2025-08-20 15:58:07
Database connection successful at 2025-08-20 15:58:07
Attempting database connection at 2025-08-20 15:58:08
Database connection successful at 2025-08-20 15:58:08
Attempting database connection at 2025-08-20 15:58:50
Database connection successful at 2025-08-20 15:58:50
Attempting database connection at 2025-08-20 15:58:50
Database connection successful at 2025-08-20 15:58:50
Attempting database connection at 2025-08-20 15:58:50
Database connection successful at 2025-08-20 15:58:50
Attempting database connection at 2025-08-20 15:58:50
Database connection successful at 2025-08-20 15:58:50
Attempting database connection at 2025-08-20 15:58:51
Database connection successful at 2025-08-20 15:58:51
Attempting database connection at 2025-08-20 15:58:51
Database connection successful at 2025-08-20 15:58:51
Attempting database connection at 2025-08-20 15:59:05
Database connection successful at 2025-08-20 15:59:05
Attempting database connection at 2025-08-20 15:59:06
Database connection successful at 2025-08-20 15:59:06
Attempting database connection at 2025-08-20 15:59:07
Database connection successful at 2025-08-20 15:59:07
Attempting database connection at 2025-08-20 15:59:07
Database connection successful at 2025-08-20 15:59:07
Database connection included successfully at 2025-08-20 15:59:07
Attempting to fetch posts at 2025-08-20 15:59:07
Executing query: SELECT * FROM posts ORDER BY date DESC LIMIT 20 at 2025-08-20 15:59:07
Successfully fetched 4 posts at 2025-08-20 15:59:07
Outputting JSON response at 2025-08-20 15:59:07
Attempting database connection at 2025-08-20 15:59:08
Database connection successful at 2025-08-20 15:59:08
Attempting database connection at 2025-08-20 15:59:08
Database connection successful at 2025-08-20 15:59:09
Attempting database connection at 2025-08-20 16:01:45
Database connection successful at 2025-08-20 16:01:45
Attempting database connection at 2025-08-20 16:01:45
Database connection successful at 2025-08-20 16:01:45
Attempting database connection at 2025-08-20 16:01:45
Database connection successful at 2025-08-20 16:01:45
Attempting database connection at 2025-08-20 16:01:45
Database connection successful at 2025-08-20 16:01:45
Attempting database connection at 2025-08-20 16:01:45
Database connection successful at 2025-08-20 16:01:45
Attempting database connection at 2025-08-20 16:01:45
Database connection successful at 2025-08-20 16:01:45
Attempting database connection at 2025-08-20 16:02:04
Database connection successful at 2025-08-20 16:02:04
Attempting database connection at 2025-08-20 16:02:05
Database connection successful at 2025-08-20 16:02:05
Attempting database connection at 2025-08-20 16:02:05
Database connection successful at 2025-08-20 16:02:06
Attempting database connection at 2025-08-20 16:02:06
Database connection successful at 2025-08-20 16:02:06
Database connection included successfully at 2025-08-20 16:02:06
Attempting to fetch posts at 2025-08-20 16:02:06
Executing query: SELECT * FROM posts ORDER BY date DESC LIMIT 20 at 2025-08-20 16:02:06
Successfully fetched 4 posts at 2025-08-20 16:02:06
Outputting JSON response at 2025-08-20 16:02:06
Attempting database connection at 2025-08-20 16:02:07
Database connection successful at 2025-08-20 16:02:07
Attempting database connection at 2025-08-20 16:02:07
Database connection successful at 2025-08-20 16:02:07
Attempting database connection at 2025-08-20 16:02:14
Database connection successful at 2025-08-20 16:02:14
Attempting database connection at 2025-08-20 16:02:14
Database connection successful at 2025-08-20 16:02:14
Attempting database connection at 2025-08-20 16:02:39
Database connection successful at 2025-08-20 16:02:39
Attempting database connection at 2025-08-20 16:02:40
Database connection successful at 2025-08-20 16:02:40
Attempting database connection at 2025-08-20 16:02:40
Database connection successful at 2025-08-20 16:02:40
Attempting database connection at 2025-08-20 16:02:44
Database connection successful at 2025-08-20 16:02:44
Attempting database connection at 2025-08-20 16:02:44
Database connection successful at 2025-08-20 16:02:44
Attempting database connection at 2025-08-20 16:02:46
Database connection successful at 2025-08-20 16:02:46
Attempting database connection at 2025-08-20 16:02:46
Database connection successful at 2025-08-20 16:02:46
Attempting database connection at 2025-08-20 16:03:54
Database connection successful at 2025-08-20 16:03:54
Attempting database connection at 2025-08-20 16:03:55
Database connection successful at 2025-08-20 16:03:55
Attempting database connection at 2025-08-20 16:04:53
Database connection successful at 2025-08-20 16:04:53
Attempting database connection at 2025-08-20 16:04:54
Database connection successful at 2025-08-20 16:04:54
Attempting database connection at 2025-08-20 16:09:31
Database connection successful at 2025-08-20 16:09:31
Attempting database connection at 2025-08-20 16:09:31
Database connection successful at 2025-08-20 16:09:31
Attempting database connection at 2025-08-20 16:17:54
Database connection successful at 2025-08-20 16:17:54
Attempting database connection at 2025-08-20 16:17:54
Database connection successful at 2025-08-20 16:17:54
Attempting database connection at 2025-08-20 16:17:55
Database connection successful at 2025-08-20 16:17:55
Attempting database connection at 2025-08-20 16:17:55
Database connection successful at 2025-08-20 16:17:55
Attempting database connection at 2025-08-20 16:17:55
Database connection successful at 2025-08-20 16:17:55
Attempting database connection at 2025-08-20 16:17:55
Database connection successful at 2025-08-20 16:17:55
Attempting database connection at 2025-08-20 16:17:56
Database connection successful at 2025-08-20 16:17:56
Attempting database connection at 2025-08-20 16:17:56
Database connection successful at 2025-08-20 16:17:56
Attempting database connection at 2025-08-20 16:17:58
Database connection successful at 2025-08-20 16:17:58
Attempting database connection at 2025-08-20 16:17:58
Database connection successful at 2025-08-20 16:17:58
Attempting database connection at 2025-08-20 16:19:09
Database connection successful at 2025-08-20 16:19:09
Attempting database connection at 2025-08-20 16:19:09
Database connection successful at 2025-08-20 16:19:09
Attempting database connection at 2025-08-20 16:19:09
Database connection successful at 2025-08-20 16:19:09
Attempting database connection at 2025-08-20 16:19:09
Database connection successful at 2025-08-20 16:19:09
Attempting database connection at 2025-08-20 16:19:10
Database connection successful at 2025-08-20 16:19:10
Attempting database connection at 2025-08-20 16:19:10
Database connection successful at 2025-08-20 16:19:10
Attempting database connection at 2025-08-20 16:24:13
Database connection successful at 2025-08-20 16:24:13
Attempting database connection at 2025-08-20 16:24:13
Database connection successful at 2025-08-20 16:24:13
Attempting database connection at 2025-08-20 16:24:15
Database connection successful at 2025-08-20 16:24:15
Attempting database connection at 2025-08-20 16:24:16
Database connection successful at 2025-08-20 16:24:16
Attempting database connection at 2025-08-20 16:24:16
Database connection successful at 2025-08-20 16:24:16
Attempting database connection at 2025-08-20 16:24:16
Database connection successful at 2025-08-20 16:24:16
Attempting database connection at 2025-08-20 16:24:20
Database connection successful at 2025-08-20 16:24:20
Attempting database connection at 2025-08-20 16:24:20
Database connection successful at 2025-08-20 16:24:20
Attempting database connection at 2025-08-20 17:02:41
Database connection successful at 2025-08-20 17:02:41
Attempting database connection at 2025-08-20 17:02:41
Database connection successful at 2025-08-20 17:02:41
Attempting database connection at 2025-08-20 17:02:56
Database connection successful at 2025-08-20 17:02:56
Attempting database connection at 2025-08-20 17:02:58
Database connection successful at 2025-08-20 17:02:58
Attempting database connection at 2025-08-20 17:03:01
Database connection successful at 2025-08-20 17:03:01
Attempting database connection at 2025-08-20 17:03:05
Database connection successful at 2025-08-20 17:03:05
Attempting database connection at 2025-08-20 17:03:06
Database connection successful at 2025-08-20 17:03:06
Attempting database connection at 2025-08-20 17:03:07
Database connection successful at 2025-08-20 17:03:07
Attempting database connection at 2025-08-20 17:03:07
Database connection successful at 2025-08-20 17:03:07
Attempting database connection at 2025-08-20 17:03:35
Database connection successful at 2025-08-20 17:03:35
Attempting database connection at 2025-08-20 17:03:35
Database connection successful at 2025-08-20 17:03:35
Database connection included successfully at 2025-08-20 17:03:35
Attempting to fetch posts at 2025-08-20 17:03:35
Executing query: SELECT * FROM posts ORDER BY date DESC LIMIT 20 at 2025-08-20 17:03:35
Successfully fetched 4 posts at 2025-08-20 17:03:35
Outputting JSON response at 2025-08-20 17:03:35
Attempting database connection at 2025-08-20 18:13:19
Database connection successful at 2025-08-20 18:13:19
Attempting database connection at 2025-08-20 18:15:48
Database connection successful at 2025-08-20 18:15:48
Attempting database connection at 2025-08-20 18:16:00
Database connection successful at 2025-08-20 18:16:00
Attempting database connection at 2025-08-20 18:16:33
Database connection successful at 2025-08-20 18:16:33
Attempting database connection at 2025-08-20 18:17:16
Database connection successful at 2025-08-20 18:17:16
Attempting database connection at 2025-08-20 18:22:36
Database connection successful at 2025-08-20 18:22:36
Attempting database connection at 2025-08-20 18:23:18
Database connection successful at 2025-08-20 18:23:18
Attempting database connection at 2025-08-20 18:23:41
Database connection successful at 2025-08-20 18:23:41
Attempting database connection at 2025-08-20 18:23:53
Database connection successful at 2025-08-20 18:23:53
Attempting database connection at 2025-08-20 18:23:55
Database connection successful at 2025-08-20 18:23:55
Attempting database connection at 2025-08-20 18:48:18
Database connection successful at 2025-08-20 18:48:18
Attempting database connection at 2025-08-20 22:52:38
Database connection successful at 2025-08-20 22:52:38
Attempting database connection at 2025-08-20 23:50:50
Database connection successful at 2025-08-20 23:50:50
Attempting database connection at 2025-08-20 23:51:21
Database connection successful at 2025-08-20 23:51:21
Attempting database connection at 2025-08-20 23:51:34
Database connection successful at 2025-08-20 23:51:34
Attempting database connection at 2025-08-20 23:51:59
Database connection successful at 2025-08-20 23:51:59
Attempting database connection at 2025-08-20 23:52:50
Database connection successful at 2025-08-20 23:52:50
Attempting database connection at 2025-08-20 23:52:54
Database connection successful at 2025-08-20 23:52:54
Attempting database connection at 2025-08-20 23:53:29
Database connection successful at 2025-08-20 23:53:29
Attempting database connection at 2025-08-21 10:28:31
Database connection successful at 2025-08-21 10:28:31
Attempting database connection at 2025-08-21 10:28:39
Database connection successful at 2025-08-21 10:28:39
Attempting database connection at 2025-08-21 11:49:10
Database connection successful at 2025-08-21 11:49:10
Attempting database connection at 2025-08-21 11:49:24
Database connection successful at 2025-08-21 11:49:24
Attempting database connection at 2025-08-21 11:49:36
Database connection successful at 2025-08-21 11:49:36
Attempting database connection at 2025-08-21 14:55:17
Database connection successful at 2025-08-21 14:55:17
Attempting database connection at 2025-08-21 17:10:12
Database connection successful at 2025-08-21 17:10:13
Attempting database connection at 2025-08-21 17:25:48
Database connection successful at 2025-08-21 17:25:48
Attempting database connection at 2025-08-21 18:04:44
Database connection successful at 2025-08-21 18:04:44
Attempting database connection at 2025-08-22 02:05:12
Database connection successful at 2025-08-22 02:05:12
Attempting database connection at 2025-08-22 02:05:12
Database connection successful at 2025-08-22 02:05:12
Attempting database connection at 2025-08-22 02:05:13
Database connection successful at 2025-08-22 02:05:13
Attempting database connection at 2025-08-22 02:05:14
Database connection successful at 2025-08-22 02:05:14
Attempting database connection at 2025-08-22 05:44:11
Database connection successful at 2025-08-22 05:44:11
Attempting database connection at 2025-08-22 07:44:25
Database connection successful at 2025-08-22 07:44:25
Attempting database connection at 2025-08-22 07:45:22
Database connection successful at 2025-08-22 07:45:22
Attempting database connection at 2025-08-22 09:53:16
Database connection successful at 2025-08-22 09:53:16
Attempting database connection at 2025-08-22 09:57:52
Database connection successful at 2025-08-22 09:57:52
Attempting database connection at 2025-08-22 12:08:48
Database connection successful at 2025-08-22 12:08:48
Attempting database connection at 2025-08-22 14:48:31
Database connection successful at 2025-08-22 14:48:31
Attempting database connection at 2025-08-22 15:40:09
Database connection successful at 2025-08-22 15:40:09
Attempting database connection at 2025-08-22 15:40:30
Database connection successful at 2025-08-22 15:40:30
Attempting database connection at 2025-08-22 17:16:08
Database connection successful at 2025-08-22 17:16:08
Attempting database connection at 2025-08-22 18:09:09
Database connection successful at 2025-08-22 18:09:09
Attempting database connection at 2025-08-22 18:09:13
Database connection successful at 2025-08-22 18:09:13
Attempting database connection at 2025-08-22 18:09:35
Database connection successful at 2025-08-22 18:09:35
Attempting database connection at 2025-08-22 23:07:58
Database connection successful at 2025-08-22 23:07:58
Attempting database connection at 2025-08-23 01:04:44
Database connection successful at 2025-08-23 01:04:44
Attempting database connection at 2025-08-23 01:10:35
Database connection successful at 2025-08-23 01:10:35
Attempting database connection at 2025-08-23 03:00:37
Database connection successful at 2025-08-23 03:00:37
Attempting database connection at 2025-08-23 06:51:34
Database connection successful at 2025-08-23 06:51:34
Attempting database connection at 2025-08-23 06:52:30
Database connection successful at 2025-08-23 06:52:30
Attempting database connection at 2025-08-23 06:52:59
Database connection successful at 2025-08-23 06:52:59
Attempting database connection at 2025-08-23 09:51:46
Database connection successful at 2025-08-23 09:51:46
Attempting database connection at 2025-08-23 16:27:08
Database connection successful at 2025-08-23 16:27:08
Attempting database connection at 2025-08-23 23:39:36
Database connection successful at 2025-08-23 23:39:36
Attempting database connection at 2025-08-23 23:39:48
Database connection successful at 2025-08-23 23:39:48
Attempting database connection at 2025-08-23 23:39:59
Database connection successful at 2025-08-23 23:39:59
Attempting database connection at 2025-08-23 23:39:59
Database connection successful at 2025-08-23 23:39:59
Attempting database connection at 2025-08-23 23:39:59
Database connection successful at 2025-08-23 23:39:59
Database connection included successfully at 2025-08-23 23:39:59
Attempting to fetch posts at 2025-08-23 23:39:59
Executing query: SELECT * FROM posts ORDER BY date DESC LIMIT 20 at 2025-08-23 23:39:59
Successfully fetched 4 posts at 2025-08-23 23:39:59
Outputting JSON response at 2025-08-23 23:39:59
Attempting database connection at 2025-08-23 23:40:04
Database connection successful at 2025-08-23 23:40:04
Attempting database connection at 2025-08-23 23:40:04
Database connection successful at 2025-08-23 23:40:04
Attempting database connection at 2025-08-23 23:53:32
Database connection successful at 2025-08-23 23:53:32
Attempting database connection at 2025-08-24 03:28:44
Database connection successful at 2025-08-24 03:28:44
Attempting database connection at 2025-08-24 04:15:30
Database connection successful at 2025-08-24 04:15:30
Attempting database connection at 2025-08-24 10:20:46
Database connection successful at 2025-08-24 10:20:46
Attempting database connection at 2025-08-24 10:20:54
Database connection successful at 2025-08-24 10:20:54
Attempting database connection at 2025-08-24 10:20:54
Database connection successful at 2025-08-24 10:20:55
Attempting database connection at 2025-08-24 10:20:55
Database connection successful at 2025-08-24 10:20:55
Database connection included successfully at 2025-08-24 10:20:55
Attempting to fetch posts at 2025-08-24 10:20:55
Executing query: SELECT * FROM posts ORDER BY date DESC LIMIT 20 at 2025-08-24 10:20:55
Successfully fetched 4 posts at 2025-08-24 10:20:55
Outputting JSON response at 2025-08-24 10:20:55
Attempting database connection at 2025-08-24 10:21:07
Database connection successful at 2025-08-24 10:21:07
Attempting database connection at 2025-08-24 10:21:08
Database connection successful at 2025-08-24 10:21:08
Attempting database connection at 2025-08-24 10:21:11
Database connection successful at 2025-08-24 10:21:11
Attempting database connection at 2025-08-24 10:21:12
Database connection successful at 2025-08-24 10:21:12
Attempting database connection at 2025-08-24 10:21:12
Database connection successful at 2025-08-24 10:21:12
Database connection included successfully at 2025-08-24 10:21:12
Attempting to fetch posts at 2025-08-24 10:21:12
Executing query: SELECT * FROM posts ORDER BY date DESC LIMIT 20 at 2025-08-24 10:21:12
Successfully fetched 4 posts at 2025-08-24 10:21:12
Outputting JSON response at 2025-08-24 10:21:12
Attempting database connection at 2025-08-24 15:22:47
Database connection successful at 2025-08-24 15:22:47
Attempting database connection at 2025-08-24 16:48:50
Database connection successful at 2025-08-24 16:48:50
Attempting database connection at 2025-08-25 05:55:43
Database connection successful at 2025-08-25 05:55:43
Attempting database connection at 2025-08-25 08:57:23
Database connection successful at 2025-08-25 08:57:23
Attempting database connection at 2025-08-25 09:11:39
Database connection successful at 2025-08-25 09:11:39
Attempting database connection at 2025-08-25 09:33:40
Database connection successful at 2025-08-25 09:33:40
Attempting database connection at 2025-08-25 09:49:56
Database connection successful at 2025-08-25 09:49:56
Attempting database connection at 2025-08-25 09:49:58
Database connection successful at 2025-08-25 09:49:58
Attempting database connection at 2025-08-25 09:50:05
Database connection successful at 2025-08-25 09:50:05
Attempting database connection at 2025-08-25 09:59:26
Database connection successful at 2025-08-25 09:59:26
Attempting database connection at 2025-08-25 09:59:36
Database connection successful at 2025-08-25 09:59:36
Attempting database connection at 2025-08-25 10:03:41
Database connection successful at 2025-08-25 10:03:41
Attempting database connection at 2025-08-25 10:03:43
Database connection successful at 2025-08-25 10:03:43
Attempting database connection at 2025-08-25 10:03:43
Database connection successful at 2025-08-25 10:03:43
Attempting database connection at 2025-08-25 10:03:44
Database connection successful at 2025-08-25 10:03:44
Database connection included successfully at 2025-08-25 10:03:44
Attempting to fetch posts at 2025-08-25 10:03:44
Executing query: SELECT * FROM posts ORDER BY date DESC LIMIT 20 at 2025-08-25 10:03:44
Successfully fetched 4 posts at 2025-08-25 10:03:44
Outputting JSON response at 2025-08-25 10:03:44
Attempting database connection at 2025-08-25 10:03:47
Database connection successful at 2025-08-25 10:03:47
Attempting database connection at 2025-08-25 10:03:47
Database connection successful at 2025-08-25 10:03:47
Attempting database connection at 2025-08-25 10:19:39
Database connection successful at 2025-08-25 10:19:39
Attempting database connection at 2025-08-25 10:40:47
Database connection successful at 2025-08-25 10:40:47
Attempting database connection at 2025-08-25 10:40:47
Database connection successful at 2025-08-25 10:40:47
Attempting database connection at 2025-08-25 10:43:48
Database connection successful at 2025-08-25 10:43:48
Attempting database connection at 2025-08-25 10:46:42
Database connection successful at 2025-08-25 10:46:42
Attempting database connection at 2025-08-25 10:50:26
Database connection successful at 2025-08-25 10:50:26
Attempting database connection at 2025-08-25 13:39:29
Database connection successful at 2025-08-25 13:39:29
Attempting database connection at 2025-08-25 13:39:30
Database connection successful at 2025-08-25 13:39:30
Attempting database connection at 2025-08-25 13:39:56
Database connection successful at 2025-08-25 13:39:56
Attempting database connection at 2025-08-25 13:58:55
Database connection successful at 2025-08-25 13:58:55
Attempting database connection at 2025-08-25 15:23:45
Database connection successful at 2025-08-25 15:23:45
Attempting database connection at 2025-08-25 15:23:56
Database connection successful at 2025-08-25 15:23:56
Attempting database connection at 2025-08-25 15:23:58
Database connection successful at 2025-08-25 15:23:58
Attempting database connection at 2025-08-25 15:35:02
Database connection successful at 2025-08-25 15:35:02
Attempting database connection at 2025-08-25 15:35:11
Database connection successful at 2025-08-25 15:35:11
Attempting database connection at 2025-08-25 15:35:34
Database connection successful at 2025-08-25 15:35:34
Attempting database connection at 2025-08-25 15:35:48
Database connection successful at 2025-08-25 15:35:48
Attempting database connection at 2025-08-25 15:35:49
Database connection successful at 2025-08-25 15:35:49
Attempting database connection at 2025-08-25 15:36:14
Database connection successful at 2025-08-25 15:36:14
Attempting database connection at 2025-08-25 15:36:34
Database connection successful at 2025-08-25 15:36:34
Attempting database connection at 2025-08-25 15:36:35
Database connection successful at 2025-08-25 15:36:35
Attempting database connection at 2025-08-25 15:36:36
Database connection successful at 2025-08-25 15:36:36
Attempting database connection at 2025-08-25 15:36:44
Database connection successful at 2025-08-25 15:36:44
Attempting database connection at 2025-08-25 17:05:24
Database connection successful at 2025-08-25 17:05:24
Attempting database connection at 2025-08-25 17:12:24
Database connection successful at 2025-08-25 17:12:24
Attempting database connection at 2025-08-25 17:12:25
Database connection successful at 2025-08-25 17:12:25
Attempting database connection at 2025-08-25 17:24:34
Database connection successful at 2025-08-25 17:24:34
Attempting database connection at 2025-08-25 17:24:34
Database connection successful at 2025-08-25 17:24:34
Attempting database connection at 2025-08-25 17:24:35
Database connection successful at 2025-08-25 17:24:35
Attempting database connection at 2025-08-25 17:24:36
Database connection successful at 2025-08-25 17:24:36
Attempting database connection at 2025-08-25 17:24:36
Database connection successful at 2025-08-25 17:24:36
Attempting database connection at 2025-08-25 17:24:36
Database connection successful at 2025-08-25 17:24:36
Attempting database connection at 2025-08-25 17:24:36
Database connection successful at 2025-08-25 17:24:36
Attempting database connection at 2025-08-25 17:24:36
Database connection successful at 2025-08-25 17:24:36
Attempting database connection at 2025-08-25 17:24:37
Database connection successful at 2025-08-25 17:24:37
Attempting database connection at 2025-08-25 17:24:37
Database connection successful at 2025-08-25 17:24:37
Attempting database connection at 2025-08-25 17:36:01
Database connection successful at 2025-08-25 17:36:01
Attempting database connection at 2025-08-25 17:36:03
Database connection successful at 2025-08-25 17:36:03
Attempting database connection at 2025-08-25 17:36:03
Database connection successful at 2025-08-25 17:36:03
Attempting database connection at 2025-08-25 17:36:04
Database connection successful at 2025-08-25 17:36:04
Attempting database connection at 2025-08-25 17:36:05
Database connection successful at 2025-08-25 17:36:05
Attempting database connection at 2025-08-25 17:36:05
Database connection successful at 2025-08-25 17:36:05
Attempting database connection at 2025-08-25 17:41:37
Database connection successful at 2025-08-25 17:41:37
Attempting database connection at 2025-08-25 17:41:39
Database connection successful at 2025-08-25 17:41:39
Attempting database connection at 2025-08-25 17:41:39
Database connection successful at 2025-08-25 17:41:39
Attempting database connection at 2025-08-25 17:41:40
Database connection successful at 2025-08-25 17:41:40
Database connection included successfully at 2025-08-25 17:41:40
Attempting to fetch posts at 2025-08-25 17:41:40
Executing query: SELECT * FROM posts ORDER BY date DESC LIMIT 20 at 2025-08-25 17:41:40
Successfully fetched 4 posts at 2025-08-25 17:41:40
Outputting JSON response at 2025-08-25 17:41:40
Attempting database connection at 2025-08-25 17:41:41
Database connection successful at 2025-08-25 17:41:41
Attempting database connection at 2025-08-25 17:41:42
Database connection successful at 2025-08-25 17:41:42
Attempting database connection at 2025-08-25 17:41:45
Database connection successful at 2025-08-25 17:41:45
Attempting database connection at 2025-08-25 17:41:45
Database connection successful at 2025-08-25 17:41:45
Attempting database connection at 2025-08-25 17:41:46
Database connection successful at 2025-08-25 17:41:46
Attempting database connection at 2025-08-25 17:41:46
Database connection successful at 2025-08-25 17:41:46
Attempting database connection at 2025-08-25 17:45:41
Database connection successful at 2025-08-25 17:45:41
Attempting database connection at 2025-08-25 17:45:42
Database connection successful at 2025-08-25 17:45:42
Attempting database connection at 2025-08-25 17:45:42
Database connection successful at 2025-08-25 17:45:42
Attempting database connection at 2025-08-25 17:45:42
Database connection successful at 2025-08-25 17:45:42
Attempting database connection at 2025-08-25 17:58:02
Database connection successful at 2025-08-25 17:58:02
Attempting database connection at 2025-08-25 17:58:02
Database connection successful at 2025-08-25 17:58:02
Database connection included successfully at 2025-08-25 17:58:02
Attempting to fetch posts at 2025-08-25 17:58:02
Executing query: SELECT * FROM posts ORDER BY date DESC LIMIT 20 at 2025-08-25 17:58:02
Successfully fetched 4 posts at 2025-08-25 17:58:02
Outputting JSON response at 2025-08-25 17:58:02
Attempting database connection at 2025-08-25 17:58:03
Database connection successful at 2025-08-25 17:58:03
Attempting database connection at 2025-08-25 17:58:03
Database connection successful at 2025-08-25 17:58:03
Attempting database connection at 2025-08-25 17:59:15
Database connection successful at 2025-08-25 17:59:15
Attempting database connection at 2025-08-25 17:59:15
Database connection successful at 2025-08-25 17:59:15
Attempting database connection at 2025-08-25 17:59:15
Database connection successful at 2025-08-25 17:59:15
Attempting database connection at 2025-08-25 17:59:15
Database connection successful at 2025-08-25 17:59:15
Attempting database connection at 2025-08-25 17:59:16
Database connection successful at 2025-08-25 17:59:16
Attempting database connection at 2025-08-25 17:59:16
Database connection successful at 2025-08-25 17:59:16
Attempting database connection at 2025-08-25 17:59:30
Database connection successful at 2025-08-25 17:59:30
Attempting database connection at 2025-08-25 17:59:32
Database connection successful at 2025-08-25 17:59:32
Attempting database connection at 2025-08-25 17:59:32
Database connection successful at 2025-08-25 17:59:32
Attempting database connection at 2025-08-25 17:59:32
Database connection successful at 2025-08-25 17:59:32
Database connection included successfully at 2025-08-25 17:59:32
Attempting to fetch posts at 2025-08-25 17:59:32
Executing query: SELECT * FROM posts ORDER BY date DESC LIMIT 20 at 2025-08-25 17:59:32
Successfully fetched 4 posts at 2025-08-25 17:59:32
Outputting JSON response at 2025-08-25 17:59:32
Attempting database connection at 2025-08-25 17:59:33
Database connection successful at 2025-08-25 17:59:33
Attempting database connection at 2025-08-25 17:59:33
Database connection successful at 2025-08-25 17:59:33
Attempting database connection at 2025-08-25 17:59:46
Database connection successful at 2025-08-25 17:59:46
Attempting database connection at 2025-08-25 17:59:47
Database connection successful at 2025-08-25 17:59:47
Attempting database connection at 2025-08-26 06:46:07
Database connection successful at 2025-08-26 06:46:07
Attempting database connection at 2025-08-26 07:22:50
Database connection successful at 2025-08-26 07:22:50
Attempting database connection at 2025-08-26 07:22:54
Database connection successful at 2025-08-26 07:22:54
Attempting database connection at 2025-08-26 07:22:56
Database connection successful at 2025-08-26 07:22:56
Attempting database connection at 2025-08-26 07:22:59
Database connection successful at 2025-08-26 07:22:59
Attempting database connection at 2025-08-26 07:22:59
Database connection successful at 2025-08-26 07:22:59
Attempting database connection at 2025-08-26 07:23:07
Attempting database connection at 2025-08-26 07:23:07
Database connection successful at 2025-08-26 07:23:07
Database connection successful at 2025-08-26 07:23:07
Attempting database connection at 2025-08-26 07:23:07
Database connection successful at 2025-08-26 07:23:07
Attempting database connection at 2025-08-26 07:23:07
Database connection successful at 2025-08-26 07:23:07
Attempting database connection at 2025-08-26 07:23:08
Database connection successful at 2025-08-26 07:23:08
Attempting database connection at 2025-08-26 07:23:09
Database connection successful at 2025-08-26 07:23:09
Attempting database connection at 2025-08-26 07:23:09
Database connection successful at 2025-08-26 07:23:09
Attempting database connection at 2025-08-26 07:23:10
Database connection successful at 2025-08-26 07:23:10
Attempting database connection at 2025-08-26 07:23:11
Database connection successful at 2025-08-26 07:23:11
Attempting database connection at 2025-08-26 07:23:13
Database connection successful at 2025-08-26 07:23:13
Attempting database connection at 2025-08-26 07:23:16
Database connection successful at 2025-08-26 07:23:16
Attempting database connection at 2025-08-26 07:23:16
Database connection successful at 2025-08-26 07:23:16
Attempting database connection at 2025-08-26 07:23:17
Database connection successful at 2025-08-26 07:23:17
Attempting database connection at 2025-08-26 07:23:18
Database connection successful at 2025-08-26 07:23:18
Attempting database connection at 2025-08-26 07:23:23
Database connection successful at 2025-08-26 07:23:23
Attempting database connection at 2025-08-26 07:23:24
Database connection successful at 2025-08-26 07:23:24
Attempting database connection at 2025-08-26 07:23:24
Database connection successful at 2025-08-26 07:23:24
Attempting database connection at 2025-08-26 07:23:25
Database connection successful at 2025-08-26 07:23:25
Attempting database connection at 2025-08-26 07:23:26
Database connection successful at 2025-08-26 07:23:26
Attempting database connection at 2025-08-26 07:23:26
Database connection successful at 2025-08-26 07:23:26
Attempting database connection at 2025-08-26 07:23:26
Database connection successful at 2025-08-26 07:23:26
Attempting database connection at 2025-08-26 07:23:26
Database connection successful at 2025-08-26 07:23:26
Attempting database connection at 2025-08-26 07:23:26
Database connection successful at 2025-08-26 07:23:26
Attempting database connection at 2025-08-26 07:23:34
Database connection successful at 2025-08-26 07:23:34
Attempting database connection at 2025-08-26 07:23:34
Database connection successful at 2025-08-26 07:23:34
Attempting database connection at 2025-08-26 07:23:36
Database connection successful at 2025-08-26 07:23:36
Attempting database connection at 2025-08-26 07:23:38
Database connection successful at 2025-08-26 07:23:38
Attempting database connection at 2025-08-26 07:23:41
Database connection successful at 2025-08-26 07:23:41
Attempting database connection at 2025-08-26 07:23:52
Database connection successful at 2025-08-26 07:23:52
Attempting database connection at 2025-08-26 07:23:53
Database connection successful at 2025-08-26 07:23:53
Attempting database connection at 2025-08-26 07:23:53
Database connection successful at 2025-08-26 07:23:53
Attempting database connection at 2025-08-26 07:23:53
Database connection successful at 2025-08-26 07:23:53
Attempting database connection at 2025-08-26 07:23:53
Database connection successful at 2025-08-26 07:23:53
Attempting database connection at 2025-08-26 07:23:53
Database connection successful at 2025-08-26 07:23:53
Attempting database connection at 2025-08-26 07:23:53
Database connection successful at 2025-08-26 07:23:53
Attempting database connection at 2025-08-26 07:23:53
Database connection successful at 2025-08-26 07:23:53
Attempting database connection at 2025-08-26 07:23:53
Database connection successful at 2025-08-26 07:23:53
Attempting database connection at 2025-08-26 07:24:03
Database connection successful at 2025-08-26 07:24:03
Attempting database connection at 2025-08-26 07:24:03
Database connection successful at 2025-08-26 07:24:03
Attempting database connection at 2025-08-26 07:24:04
Database connection successful at 2025-08-26 07:24:04
Attempting database connection at 2025-08-26 07:24:05
Database connection successful at 2025-08-26 07:24:05
Attempting database connection at 2025-08-26 07:24:05
Database connection successful at 2025-08-26 07:24:05
Attempting database connection at 2025-08-26 07:24:06
Database connection successful at 2025-08-26 07:24:06
Attempting database connection at 2025-08-26 07:24:07
Database connection successful at 2025-08-26 07:24:07
Attempting database connection at 2025-08-26 07:24:08
Database connection successful at 2025-08-26 07:24:08
Attempting database connection at 2025-08-26 07:24:09
Database connection successful at 2025-08-26 07:24:09
Attempting database connection at 2025-08-26 07:24:09
Database connection successful at 2025-08-26 07:24:09
Attempting database connection at 2025-08-26 07:24:10
Database connection successful at 2025-08-26 07:24:10
Attempting database connection at 2025-08-26 07:24:16
Database connection successful at 2025-08-26 07:24:16
Attempting database connection at 2025-08-26 07:24:17
Database connection successful at 2025-08-26 07:24:17
Attempting database connection at 2025-08-26 07:24:23
Database connection successful at 2025-08-26 07:24:23
Attempting database connection at 2025-08-26 07:24:24
Database connection successful at 2025-08-26 07:24:24
Attempting database connection at 2025-08-26 07:24:25
Database connection successful at 2025-08-26 07:24:25
Attempting database connection at 2025-08-26 07:24:26
Database connection successful at 2025-08-26 07:24:26
Attempting database connection at 2025-08-26 07:24:27
Database connection successful at 2025-08-26 07:24:27
Attempting database connection at 2025-08-26 07:24:27
Database connection successful at 2025-08-26 07:24:27
Attempting database connection at 2025-08-26 07:24:31
Database connection successful at 2025-08-26 07:24:31
Attempting database connection at 2025-08-26 07:24:31
Database connection successful at 2025-08-26 07:24:31
Attempting database connection at 2025-08-26 07:24:33
Database connection successful at 2025-08-26 07:24:33
Attempting database connection at 2025-08-26 07:24:33
Database connection successful at 2025-08-26 07:24:33
Attempting database connection at 2025-08-26 07:24:34
Database connection successful at 2025-08-26 07:24:34
Attempting database connection at 2025-08-26 07:24:37
Attempting database connection at 2025-08-26 07:24:37
Database connection successful at 2025-08-26 07:24:37
Database connection successful at 2025-08-26 07:24:37
Attempting database connection at 2025-08-26 07:24:38
Database connection successful at 2025-08-26 07:24:38
Attempting database connection at 2025-08-26 07:24:39
Database connection successful at 2025-08-26 07:24:39
Attempting database connection at 2025-08-26 07:24:42
Database connection successful at 2025-08-26 07:24:42
Attempting database connection at 2025-08-26 07:24:42
Database connection successful at 2025-08-26 07:24:42
Attempting database connection at 2025-08-26 07:24:42
Database connection successful at 2025-08-26 07:24:42
Attempting database connection at 2025-08-26 07:24:42
Database connection successful at 2025-08-26 07:24:42
Attempting database connection at 2025-08-26 07:24:45
Database connection successful at 2025-08-26 07:24:45
Attempting database connection at 2025-08-26 07:24:47
Database connection successful at 2025-08-26 07:24:47
Attempting database connection at 2025-08-26 07:24:48
Database connection successful at 2025-08-26 07:24:48
Attempting database connection at 2025-08-26 07:24:50
Database connection successful at 2025-08-26 07:24:50
Attempting database connection at 2025-08-26 07:24:51
Database connection successful at 2025-08-26 07:24:51
Attempting database connection at 2025-08-26 07:24:51
Database connection successful at 2025-08-26 07:24:51
Attempting database connection at 2025-08-26 07:24:52
Database connection successful at 2025-08-26 07:24:52
Attempting database connection at 2025-08-26 07:25:06
Database connection successful at 2025-08-26 07:25:06
Attempting database connection at 2025-08-26 07:25:10
Database connection successful at 2025-08-26 07:25:10
Attempting database connection at 2025-08-26 07:25:12
Database connection successful at 2025-08-26 07:25:12
Attempting database connection at 2025-08-26 07:25:12
Database connection successful at 2025-08-26 07:25:12
Attempting database connection at 2025-08-26 07:25:13
Database connection successful at 2025-08-26 07:25:13
Attempting database connection at 2025-08-26 07:25:23
Database connection successful at 2025-08-26 07:25:23
Attempting database connection at 2025-08-26 07:25:23
Database connection successful at 2025-08-26 07:25:23
Attempting database connection at 2025-08-26 07:25:24
Database connection successful at 2025-08-26 07:25:24
Attempting database connection at 2025-08-26 07:25:24
Database connection successful at 2025-08-26 07:25:24
Attempting database connection at 2025-08-26 07:25:24
Database connection successful at 2025-08-26 07:25:24
Attempting database connection at 2025-08-26 07:25:24
Database connection successful at 2025-08-26 07:25:24
Attempting database connection at 2025-08-26 07:25:24
Database connection successful at 2025-08-26 07:25:24
Attempting database connection at 2025-08-26 07:25:24
Database connection successful at 2025-08-26 07:25:24
Attempting database connection at 2025-08-26 07:25:25
Database connection successful at 2025-08-26 07:25:25
Attempting database connection at 2025-08-26 07:25:25
Database connection successful at 2025-08-26 07:25:25
Attempting database connection at 2025-08-26 07:25:26
Database connection successful at 2025-08-26 07:25:26
Attempting database connection at 2025-08-26 07:25:26
Database connection successful at 2025-08-26 07:25:26
Attempting database connection at 2025-08-26 07:25:26
Database connection successful at 2025-08-26 07:25:26
Attempting database connection at 2025-08-26 07:25:27
Database connection successful at 2025-08-26 07:25:27
Attempting database connection at 2025-08-26 07:25:52
Database connection successful at 2025-08-26 07:25:52
Attempting database connection at 2025-08-26 07:25:53
Database connection successful at 2025-08-26 07:25:53
Attempting database connection at 2025-08-26 07:25:54
Database connection successful at 2025-08-26 07:25:54
Attempting database connection at 2025-08-26 07:26:11
Database connection successful at 2025-08-26 07:26:11
Attempting database connection at 2025-08-26 07:26:21
Database connection successful at 2025-08-26 07:26:21
Attempting database connection at 2025-08-26 07:26:22
Database connection successful at 2025-08-26 07:26:22
Attempting database connection at 2025-08-26 07:26:22
Database connection successful at 2025-08-26 07:26:22
Attempting database connection at 2025-08-26 07:26:29
Database connection successful at 2025-08-26 07:26:29
Attempting database connection at 2025-08-26 07:26:41
Database connection successful at 2025-08-26 07:26:41
Attempting database connection at 2025-08-26 07:26:48
Database connection successful at 2025-08-26 07:26:48
Attempting database connection at 2025-08-26 07:26:50
Database connection successful at 2025-08-26 07:26:50
Attempting database connection at 2025-08-26 07:26:59
Database connection successful at 2025-08-26 07:26:59
Attempting database connection at 2025-08-26 07:27:06
Database connection successful at 2025-08-26 07:27:06
Attempting database connection at 2025-08-26 07:27:08
Database connection successful at 2025-08-26 07:27:08
Attempting database connection at 2025-08-26 07:28:08
Database connection successful at 2025-08-26 07:28:08
Attempting database connection at 2025-08-26 07:28:08
Database connection successful at 2025-08-26 07:28:08
Attempting database connection at 2025-08-26 07:28:09
Database connection successful at 2025-08-26 07:28:09
Attempting database connection at 2025-08-26 07:28:23
Database connection successful at 2025-08-26 07:28:23
Attempting database connection at 2025-08-26 07:28:26
Database connection successful at 2025-08-26 07:28:26
Attempting database connection at 2025-08-26 07:28:38
Database connection successful at 2025-08-26 07:28:38
Attempting database connection at 2025-08-26 07:28:39
Database connection successful at 2025-08-26 07:28:39
Attempting database connection at 2025-08-26 07:28:40
Database connection successful at 2025-08-26 07:28:40
Attempting database connection at 2025-08-26 07:28:41
Database connection successful at 2025-08-26 07:28:41
Attempting database connection at 2025-08-26 07:28:43
Database connection successful at 2025-08-26 07:28:43
Attempting database connection at 2025-08-26 07:28:43
Database connection successful at 2025-08-26 07:28:43
Attempting database connection at 2025-08-26 07:28:44
Database connection successful at 2025-08-26 07:28:44
Attempting database connection at 2025-08-26 07:28:44
Database connection successful at 2025-08-26 07:28:44
Attempting database connection at 2025-08-26 07:28:44
Database connection successful at 2025-08-26 07:28:44
Attempting database connection at 2025-08-26 07:28:44
Database connection successful at 2025-08-26 07:28:44
Attempting database connection at 2025-08-26 07:28:46
Database connection successful at 2025-08-26 07:28:46
Attempting database connection at 2025-08-26 07:28:47
Database connection successful at 2025-08-26 07:28:47
Attempting database connection at 2025-08-26 07:28:48
Database connection successful at 2025-08-26 07:28:48
Attempting database connection at 2025-08-26 07:28:50
Database connection successful at 2025-08-26 07:28:50
Attempting database connection at 2025-08-26 07:28:50
Database connection successful at 2025-08-26 07:28:50
Attempting database connection at 2025-08-26 07:28:51
Database connection successful at 2025-08-26 07:28:51
Attempting database connection at 2025-08-26 07:28:52
Database connection successful at 2025-08-26 07:28:52
Attempting database connection at 2025-08-26 07:28:53
Database connection successful at 2025-08-26 07:28:53
Attempting database connection at 2025-08-26 07:28:53
Database connection successful at 2025-08-26 07:28:53
Attempting database connection at 2025-08-26 07:28:54
Database connection successful at 2025-08-26 07:28:54
Attempting database connection at 2025-08-26 07:28:54
Database connection successful at 2025-08-26 07:28:54
Attempting database connection at 2025-08-26 07:28:54
Database connection successful at 2025-08-26 07:28:54
Attempting database connection at 2025-08-26 07:28:55
Database connection successful at 2025-08-26 07:28:55
Attempting database connection at 2025-08-26 07:28:55
Database connection successful at 2025-08-26 07:28:55
Attempting database connection at 2025-08-26 07:28:55
Database connection successful at 2025-08-26 07:28:55
Attempting database connection at 2025-08-26 07:28:56
Database connection successful at 2025-08-26 07:28:56
Attempting database connection at 2025-08-26 07:28:56
Database connection successful at 2025-08-26 07:28:56
Attempting database connection at 2025-08-26 07:28:56
Database connection successful at 2025-08-26 07:28:56
Attempting database connection at 2025-08-26 07:28:57
Database connection successful at 2025-08-26 07:28:57
Attempting database connection at 2025-08-26 07:28:59
Database connection successful at 2025-08-26 07:28:59
Attempting database connection at 2025-08-26 07:29:02
Database connection successful at 2025-08-26 07:29:02
Attempting database connection at 2025-08-26 07:29:03
Database connection successful at 2025-08-26 07:29:03
Attempting database connection at 2025-08-26 07:29:05
Database connection successful at 2025-08-26 07:29:05
Attempting database connection at 2025-08-26 07:29:06
Database connection successful at 2025-08-26 07:29:06
Attempting database connection at 2025-08-26 07:29:07
Database connection successful at 2025-08-26 07:29:07
Attempting database connection at 2025-08-26 07:29:07
Database connection successful at 2025-08-26 07:29:07
Attempting database connection at 2025-08-26 07:29:08
Database connection successful at 2025-08-26 07:29:08
Attempting database connection at 2025-08-26 07:29:10
Database connection successful at 2025-08-26 07:29:10
Attempting database connection at 2025-08-26 07:29:11
Database connection successful at 2025-08-26 07:29:11
Attempting database connection at 2025-08-26 07:29:13
Database connection successful at 2025-08-26 07:29:13
Attempting database connection at 2025-08-26 07:29:15
Database connection successful at 2025-08-26 07:29:15
Attempting database connection at 2025-08-26 07:29:18
Database connection successful at 2025-08-26 07:29:18
Attempting database connection at 2025-08-26 07:29:20
Database connection successful at 2025-08-26 07:29:20
Attempting database connection at 2025-08-26 07:29:23
Database connection successful at 2025-08-26 07:29:23
Attempting database connection at 2025-08-26 07:29:27
Database connection successful at 2025-08-26 07:29:27
Attempting database connection at 2025-08-26 07:29:28
Database connection successful at 2025-08-26 07:29:28
Attempting database connection at 2025-08-26 07:29:30
Database connection successful at 2025-08-26 07:29:30
Attempting database connection at 2025-08-26 07:29:31
Database connection successful at 2025-08-26 07:29:31
Attempting database connection at 2025-08-26 07:29:33
Database connection successful at 2025-08-26 07:29:33
Attempting database connection at 2025-08-26 07:29:33
Database connection successful at 2025-08-26 07:29:33
Attempting database connection at 2025-08-26 07:29:34
Database connection successful at 2025-08-26 07:29:34
Attempting database connection at 2025-08-26 07:29:34
Database connection successful at 2025-08-26 07:29:34
Attempting database connection at 2025-08-26 07:29:34
Database connection successful at 2025-08-26 07:29:34
Attempting database connection at 2025-08-26 07:29:34
Database connection successful at 2025-08-26 07:29:34
Attempting database connection at 2025-08-26 07:29:34
Database connection successful at 2025-08-26 07:29:34
Attempting database connection at 2025-08-26 07:29:35
Database connection successful at 2025-08-26 07:29:35
Attempting database connection at 2025-08-26 07:29:35
Database connection successful at 2025-08-26 07:29:35
Attempting database connection at 2025-08-26 07:29:35
Database connection successful at 2025-08-26 07:29:35
Attempting database connection at 2025-08-26 07:29:40
Database connection successful at 2025-08-26 07:29:40
Attempting database connection at 2025-08-26 07:29:58
Database connection successful at 2025-08-26 07:29:58
Attempting database connection at 2025-08-26 07:30:06
Database connection successful at 2025-08-26 07:30:06
Attempting database connection at 2025-08-26 07:30:06
Database connection successful at 2025-08-26 07:30:06
Attempting database connection at 2025-08-26 07:30:07
Database connection successful at 2025-08-26 07:30:07
Attempting database connection at 2025-08-26 07:30:11
Database connection successful at 2025-08-26 07:30:11
Attempting database connection at 2025-08-26 07:30:25
Database connection successful at 2025-08-26 07:30:25
Attempting database connection at 2025-08-26 07:30:29
Database connection successful at 2025-08-26 07:30:29
Attempting database connection at 2025-08-26 07:30:31
Database connection successful at 2025-08-26 07:30:31
Attempting database connection at 2025-08-26 07:30:44
Database connection successful at 2025-08-26 07:30:44
Attempting database connection at 2025-08-26 07:30:48
Database connection successful at 2025-08-26 07:30:48
Attempting database connection at 2025-08-26 07:30:59
Database connection successful at 2025-08-26 07:30:59
Attempting database connection at 2025-08-26 07:31:02
Database connection successful at 2025-08-26 07:31:02
Attempting database connection at 2025-08-26 07:31:03
Database connection successful at 2025-08-26 07:31:03
Attempting database connection at 2025-08-26 07:31:04
Database connection successful at 2025-08-26 07:31:04
Attempting database connection at 2025-08-26 07:31:04
Database connection successful at 2025-08-26 07:31:04
Attempting database connection at 2025-08-26 07:31:05
Database connection successful at 2025-08-26 07:31:05
Attempting database connection at 2025-08-26 07:31:07
Database connection successful at 2025-08-26 07:31:07
Attempting database connection at 2025-08-26 07:31:07
Database connection successful at 2025-08-26 07:31:07
Attempting database connection at 2025-08-26 07:31:08
Database connection successful at 2025-08-26 07:31:08
Attempting database connection at 2025-08-26 07:31:18
Database connection successful at 2025-08-26 07:31:18
Attempting database connection at 2025-08-26 07:31:21
Database connection successful at 2025-08-26 07:31:21
Attempting database connection at 2025-08-26 07:31:27
Database connection successful at 2025-08-26 07:31:27
Attempting database connection at 2025-08-26 07:31:37
Database connection successful at 2025-08-26 07:31:37
Attempting database connection at 2025-08-26 07:31:39
Database connection successful at 2025-08-26 07:31:39
Attempting database connection at 2025-08-26 07:31:40
Database connection successful at 2025-08-26 07:31:40
Attempting database connection at 2025-08-26 07:31:40
Database connection successful at 2025-08-26 07:31:40
Attempting database connection at 2025-08-26 07:31:41
Database connection successful at 2025-08-26 07:31:41
Attempting database connection at 2025-08-26 07:31:47
Database connection successful at 2025-08-26 07:31:47
Attempting database connection at 2025-08-26 07:31:47
Database connection successful at 2025-08-26 07:31:47
Attempting database connection at 2025-08-26 07:31:47
Database connection successful at 2025-08-26 07:31:47
Attempting database connection at 2025-08-26 07:31:48
Database connection successful at 2025-08-26 07:31:48
Attempting database connection at 2025-08-26 07:31:49
Database connection successful at 2025-08-26 07:31:49
Attempting database connection at 2025-08-26 07:31:50
Database connection successful at 2025-08-26 07:31:50
Attempting database connection at 2025-08-26 07:31:50
Database connection successful at 2025-08-26 07:31:50
Attempting database connection at 2025-08-26 07:31:51
Database connection successful at 2025-08-26 07:31:51
Attempting database connection at 2025-08-26 07:31:52
Database connection successful at 2025-08-26 07:31:52
Attempting database connection at 2025-08-26 07:31:52
Database connection successful at 2025-08-26 07:31:52
Attempting database connection at 2025-08-26 07:31:58
Database connection successful at 2025-08-26 07:31:58
Attempting database connection at 2025-08-26 07:32:06
Database connection successful at 2025-08-26 07:32:06
Attempting database connection at 2025-08-26 07:32:08
Database connection successful at 2025-08-26 07:32:08
Attempting database connection at 2025-08-26 07:32:10
Database connection successful at 2025-08-26 07:32:10
Attempting database connection at 2025-08-26 07:32:17
Database connection successful at 2025-08-26 07:32:17
Attempting database connection at 2025-08-26 07:32:26
Database connection successful at 2025-08-26 07:32:26
Attempting database connection at 2025-08-26 07:32:27
Database connection successful at 2025-08-26 07:32:27
Attempting database connection at 2025-08-26 07:32:28
Database connection successful at 2025-08-26 07:32:28
Attempting database connection at 2025-08-26 07:32:28
Database connection successful at 2025-08-26 07:32:28
Attempting database connection at 2025-08-26 07:32:30
Database connection successful at 2025-08-26 07:32:30
Attempting database connection at 2025-08-26 07:32:39
Database connection successful at 2025-08-26 07:32:39
Attempting database connection at 2025-08-26 07:32:48
Database connection successful at 2025-08-26 07:32:48
Attempting database connection at 2025-08-26 07:32:51
Database connection successful at 2025-08-26 07:32:51
Attempting database connection at 2025-08-26 07:32:59
Database connection successful at 2025-08-26 07:32:59
Attempting database connection at 2025-08-26 07:33:28
Database connection successful at 2025-08-26 07:33:28
Attempting database connection at 2025-08-26 07:33:28
Database connection successful at 2025-08-26 07:33:28
Attempting database connection at 2025-08-26 07:33:29
Database connection successful at 2025-08-26 07:33:29
Attempting database connection at 2025-08-26 07:33:48
Database connection successful at 2025-08-26 07:33:48
Attempting database connection at 2025-08-26 07:34:08
Database connection successful at 2025-08-26 07:34:08
Attempting database connection at 2025-08-26 07:34:08
Database connection successful at 2025-08-26 07:34:08
Attempting database connection at 2025-08-26 07:34:09
Database connection successful at 2025-08-26 07:34:09
Attempting database connection at 2025-08-26 07:34:09
Database connection successful at 2025-08-26 07:34:09
Attempting database connection at 2025-08-26 07:34:13
Database connection successful at 2025-08-26 07:34:13
Attempting database connection at 2025-08-26 07:34:14
Database connection successful at 2025-08-26 07:34:14
Attempting database connection at 2025-08-26 07:34:15
Database connection successful at 2025-08-26 07:34:15
Attempting database connection at 2025-08-26 07:34:16
Database connection successful at 2025-08-26 07:34:16
Attempting database connection at 2025-08-26 07:34:16
Database connection successful at 2025-08-26 07:34:16
Attempting database connection at 2025-08-26 07:34:17
Database connection successful at 2025-08-26 07:34:17
Attempting database connection at 2025-08-26 07:34:21
Database connection successful at 2025-08-26 07:34:21
Attempting database connection at 2025-08-26 07:34:22
Database connection successful at 2025-08-26 07:34:22
Attempting database connection at 2025-08-26 07:34:22
Database connection successful at 2025-08-26 07:34:22
Attempting database connection at 2025-08-26 07:34:23
Database connection successful at 2025-08-26 07:34:23
Attempting database connection at 2025-08-26 07:34:23
Database connection successful at 2025-08-26 07:34:23
Attempting database connection at 2025-08-26 07:34:23
Database connection successful at 2025-08-26 07:34:23
Attempting database connection at 2025-08-26 07:34:25
Database connection successful at 2025-08-26 07:34:25
Attempting database connection at 2025-08-26 07:34:26
Database connection successful at 2025-08-26 07:34:26
Attempting database connection at 2025-08-26 07:34:26
Database connection successful at 2025-08-26 07:34:26
Attempting database connection at 2025-08-26 07:34:28
Database connection successful at 2025-08-26 07:34:28
Attempting database connection at 2025-08-26 07:34:33
Database connection successful at 2025-08-26 07:34:33
Attempting database connection at 2025-08-26 07:34:36
Database connection successful at 2025-08-26 07:34:36
Attempting database connection at 2025-08-26 07:34:36
Database connection successful at 2025-08-26 07:34:36
Attempting database connection at 2025-08-26 07:34:37
Database connection successful at 2025-08-26 07:34:37
Attempting database connection at 2025-08-26 07:34:37
Database connection successful at 2025-08-26 07:34:37
Attempting database connection at 2025-08-26 07:34:41
Database connection successful at 2025-08-26 07:34:41
Attempting database connection at 2025-08-26 07:34:42
Database connection successful at 2025-08-26 07:34:42
Attempting database connection at 2025-08-26 07:34:42
Database connection successful at 2025-08-26 07:34:42
Attempting database connection at 2025-08-26 07:34:42
Database connection successful at 2025-08-26 07:34:42
Attempting database connection at 2025-08-26 07:34:43
Database connection successful at 2025-08-26 07:34:43
Attempting database connection at 2025-08-26 07:34:45
Database connection successful at 2025-08-26 07:34:45
Attempting database connection at 2025-08-26 07:34:45
Database connection successful at 2025-08-26 07:34:45
Attempting database connection at 2025-08-26 07:34:47
Database connection successful at 2025-08-26 07:34:47
Attempting database connection at 2025-08-26 07:34:56
Database connection successful at 2025-08-26 07:34:56
Attempting database connection at 2025-08-26 07:34:59
Database connection successful at 2025-08-26 07:34:59
Attempting database connection at 2025-08-26 07:35:00
Database connection successful at 2025-08-26 07:35:00
Attempting database connection at 2025-08-26 07:35:03
Database connection successful at 2025-08-26 07:35:03
Attempting database connection at 2025-08-26 07:35:04
Database connection successful at 2025-08-26 07:35:04
Attempting database connection at 2025-08-26 07:35:07
Database connection successful at 2025-08-26 07:35:07
Attempting database connection at 2025-08-26 07:35:08
Database connection successful at 2025-08-26 07:35:08
Attempting database connection at 2025-08-26 07:35:16
Database connection successful at 2025-08-26 07:35:16
Attempting database connection at 2025-08-26 07:35:16
Database connection successful at 2025-08-26 07:35:16
Attempting database connection at 2025-08-26 07:35:17
Database connection successful at 2025-08-26 07:35:17
Attempting database connection at 2025-08-26 07:35:18
Database connection successful at 2025-08-26 07:35:18
Attempting database connection at 2025-08-26 07:35:25
Database connection successful at 2025-08-26 07:35:25
Attempting database connection at 2025-08-26 07:35:37
Database connection successful at 2025-08-26 07:35:37
Attempting database connection at 2025-08-26 07:35:50
Database connection successful at 2025-08-26 07:35:50
Attempting database connection at 2025-08-26 07:35:51
Database connection successful at 2025-08-26 07:35:51
Attempting database connection at 2025-08-26 07:35:52
Database connection successful at 2025-08-26 07:35:52
Attempting database connection at 2025-08-26 07:35:56
Database connection successful at 2025-08-26 07:35:56
Attempting database connection at 2025-08-26 07:36:06
Database connection successful at 2025-08-26 07:36:06
Attempting database connection at 2025-08-26 07:36:07
Database connection successful at 2025-08-26 07:36:07
Attempting database connection at 2025-08-26 07:36:07
Database connection successful at 2025-08-26 07:36:07
Attempting database connection at 2025-08-26 07:36:10
Database connection successful at 2025-08-26 07:36:10
Attempting database connection at 2025-08-26 07:36:11
Database connection successful at 2025-08-26 07:36:11
Attempting database connection at 2025-08-26 07:36:11
Database connection successful at 2025-08-26 07:36:11
Attempting database connection at 2025-08-26 07:36:12
Database connection successful at 2025-08-26 07:36:12
Attempting database connection at 2025-08-26 07:36:15
Database connection successful at 2025-08-26 07:36:15
Attempting database connection at 2025-08-26 07:36:15
Database connection successful at 2025-08-26 07:36:15
Attempting database connection at 2025-08-26 07:36:16
Database connection successful at 2025-08-26 07:36:16
Attempting database connection at 2025-08-26 07:36:30
Database connection successful at 2025-08-26 07:36:30
Attempting database connection at 2025-08-26 07:36:31
Database connection successful at 2025-08-26 07:36:31
Attempting database connection at 2025-08-26 07:36:38
Database connection successful at 2025-08-26 07:36:38
Attempting database connection at 2025-08-26 07:36:50
Database connection successful at 2025-08-26 07:36:50
Attempting database connection at 2025-08-26 07:36:54
Database connection successful at 2025-08-26 07:36:54
Attempting database connection at 2025-08-26 07:36:55
Database connection successful at 2025-08-26 07:36:55
Attempting database connection at 2025-08-26 07:36:56
Database connection successful at 2025-08-26 07:36:56
Attempting database connection at 2025-08-26 07:36:56
Database connection successful at 2025-08-26 07:36:56
Attempting database connection at 2025-08-26 07:36:57
Database connection successful at 2025-08-26 07:36:57
Attempting database connection at 2025-08-26 07:36:58
Database connection successful at 2025-08-26 07:36:58
Attempting database connection at 2025-08-26 07:36:59
Database connection successful at 2025-08-26 07:36:59
Attempting database connection at 2025-08-26 07:37:06
Database connection successful at 2025-08-26 07:37:06
Attempting database connection at 2025-08-26 07:37:06
Database connection successful at 2025-08-26 07:37:06
Attempting database connection at 2025-08-26 07:37:07
Database connection successful at 2025-08-26 07:37:07
Attempting database connection at 2025-08-26 07:37:14
Database connection successful at 2025-08-26 07:37:14
Attempting database connection at 2025-08-26 07:37:16
Database connection successful at 2025-08-26 07:37:16
Attempting database connection at 2025-08-26 07:37:19
Database connection successful at 2025-08-26 07:37:19
Attempting database connection at 2025-08-26 07:37:27
Database connection successful at 2025-08-26 07:37:27
Attempting database connection at 2025-08-26 07:37:33
Database connection successful at 2025-08-26 07:37:33
Attempting database connection at 2025-08-26 07:37:33
Database connection successful at 2025-08-26 07:37:33
Attempting database connection at 2025-08-26 07:37:34
Database connection successful at 2025-08-26 07:37:34
Attempting database connection at 2025-08-26 07:37:35
Database connection successful at 2025-08-26 07:37:35
Attempting database connection at 2025-08-26 07:37:38
Database connection successful at 2025-08-26 07:37:38
Attempting database connection at 2025-08-26 07:37:46
Database connection successful at 2025-08-26 07:37:46
Attempting database connection at 2025-08-26 07:37:47
Database connection successful at 2025-08-26 07:37:47
Attempting database connection at 2025-08-26 07:37:47
Database connection successful at 2025-08-26 07:37:47
Attempting database connection at 2025-08-26 07:37:47
Database connection successful at 2025-08-26 07:37:47
Attempting database connection at 2025-08-26 07:37:49
Database connection successful at 2025-08-26 07:37:49
Attempting database connection at 2025-08-26 07:37:50
Database connection successful at 2025-08-26 07:37:50
Attempting database connection at 2025-08-26 07:37:50
Database connection successful at 2025-08-26 07:37:50
Attempting database connection at 2025-08-26 07:37:54
Database connection successful at 2025-08-26 07:37:54
Attempting database connection at 2025-08-26 07:38:06
Database connection successful at 2025-08-26 07:38:06
Attempting database connection at 2025-08-26 07:38:08
Database connection successful at 2025-08-26 07:38:08
Attempting database connection at 2025-08-26 07:38:09
Database connection successful at 2025-08-26 07:38:09
Attempting database connection at 2025-08-26 07:38:09
Database connection successful at 2025-08-26 07:38:09
Attempting database connection at 2025-08-26 07:38:09
Database connection successful at 2025-08-26 07:38:09
Attempting database connection at 2025-08-26 07:38:14
Database connection successful at 2025-08-26 07:38:14
Attempting database connection at 2025-08-26 07:38:17
Database connection successful at 2025-08-26 07:38:17
Attempting database connection at 2025-08-26 07:38:18
Database connection successful at 2025-08-26 07:38:18
Attempting database connection at 2025-08-26 07:38:19
Database connection successful at 2025-08-26 07:38:19
Attempting database connection at 2025-08-26 07:38:19
Database connection successful at 2025-08-26 07:38:19
Attempting database connection at 2025-08-26 07:38:19
Database connection successful at 2025-08-26 07:38:19
Attempting database connection at 2025-08-26 07:38:19
Database connection successful at 2025-08-26 07:38:19
Attempting database connection at 2025-08-26 07:38:20
Database connection successful at 2025-08-26 07:38:20
Attempting database connection at 2025-08-26 07:38:20
Database connection successful at 2025-08-26 07:38:20
Attempting database connection at 2025-08-26 07:38:21
Database connection successful at 2025-08-26 07:38:21
Attempting database connection at 2025-08-26 07:38:25
Database connection successful at 2025-08-26 07:38:25
Attempting database connection at 2025-08-26 07:38:25
Database connection successful at 2025-08-26 07:38:25
Attempting database connection at 2025-08-26 07:38:25
Database connection successful at 2025-08-26 07:38:25
Attempting database connection at 2025-08-26 07:38:26
Database connection successful at 2025-08-26 07:38:26
Attempting database connection at 2025-08-26 07:38:27
Database connection successful at 2025-08-26 07:38:27
Attempting database connection at 2025-08-26 07:38:28
Database connection successful at 2025-08-26 07:38:28
Attempting database connection at 2025-08-26 07:38:29
Database connection successful at 2025-08-26 07:38:29
Attempting database connection at 2025-08-26 07:38:29
Database connection successful at 2025-08-26 07:38:29
Attempting database connection at 2025-08-26 07:38:29
Database connection successful at 2025-08-26 07:38:29
Attempting database connection at 2025-08-26 07:38:31
Database connection successful at 2025-08-26 07:38:31
Attempting database connection at 2025-08-26 07:38:31
Database connection successful at 2025-08-26 07:38:31
Attempting database connection at 2025-08-26 07:38:32
Database connection successful at 2025-08-26 07:38:32
Attempting database connection at 2025-08-26 07:38:36
Database connection successful at 2025-08-26 07:38:36
Attempting database connection at 2025-08-26 07:38:39
Database connection successful at 2025-08-26 07:38:39
Attempting database connection at 2025-08-26 07:38:39
Database connection successful at 2025-08-26 07:38:39
Attempting database connection at 2025-08-26 07:38:42
Database connection successful at 2025-08-26 07:38:42
Attempting database connection at 2025-08-26 07:38:43
Database connection successful at 2025-08-26 07:38:43
Attempting database connection at 2025-08-26 07:38:44
Database connection successful at 2025-08-26 07:38:44
Attempting database connection at 2025-08-26 07:38:45
Database connection successful at 2025-08-26 07:38:45
Attempting database connection at 2025-08-26 07:38:47
Database connection successful at 2025-08-26 07:38:47
Attempting database connection at 2025-08-26 07:38:48
Database connection successful at 2025-08-26 07:38:48
Attempting database connection at 2025-08-26 07:38:50
Database connection successful at 2025-08-26 07:38:50
Attempting database connection at 2025-08-26 07:38:56
Database connection successful at 2025-08-26 07:38:56
Attempting database connection at 2025-08-26 07:38:59
Database connection successful at 2025-08-26 07:38:59
Attempting database connection at 2025-08-26 07:38:59
Database connection successful at 2025-08-26 07:38:59
Attempting database connection at 2025-08-26 07:39:05
Database connection successful at 2025-08-26 07:39:05
Attempting database connection at 2025-08-26 07:39:07
Database connection successful at 2025-08-26 07:39:07
Attempting database connection at 2025-08-26 07:39:10
Database connection successful at 2025-08-26 07:39:10
Attempting database connection at 2025-08-26 07:39:12
Database connection successful at 2025-08-26 07:39:12
Attempting database connection at 2025-08-26 07:39:21
Database connection successful at 2025-08-26 07:39:21
Attempting database connection at 2025-08-26 07:39:22
Database connection successful at 2025-08-26 07:39:22
Attempting database connection at 2025-08-26 07:39:22
Database connection successful at 2025-08-26 07:39:22
Attempting database connection at 2025-08-26 07:39:24
Database connection successful at 2025-08-26 07:39:24
Attempting database connection at 2025-08-26 07:39:30
Database connection successful at 2025-08-26 07:39:30
Attempting database connection at 2025-08-26 07:39:31
Database connection successful at 2025-08-26 07:39:31
Attempting database connection at 2025-08-26 07:39:31
Database connection successful at 2025-08-26 07:39:31
Attempting database connection at 2025-08-26 07:39:42
Database connection successful at 2025-08-26 07:39:42
Attempting database connection at 2025-08-26 07:39:51
Database connection successful at 2025-08-26 07:39:51
Attempting database connection at 2025-08-26 07:40:01
Database connection successful at 2025-08-26 07:40:01
Attempting database connection at 2025-08-26 07:40:10
Database connection successful at 2025-08-26 07:40:10
Attempting database connection at 2025-08-26 07:40:35
Database connection successful at 2025-08-26 07:40:35
Attempting database connection at 2025-08-26 07:40:46
Database connection successful at 2025-08-26 07:40:46
Attempting database connection at 2025-08-26 07:40:47
Database connection successful at 2025-08-26 07:40:47
Attempting database connection at 2025-08-26 07:40:48
Database connection successful at 2025-08-26 07:40:48
Attempting database connection at 2025-08-26 07:41:08
Database connection successful at 2025-08-26 07:41:08
Attempting database connection at 2025-08-26 07:41:27
Database connection successful at 2025-08-26 07:41:27
Attempting database connection at 2025-08-26 07:41:49
Database connection successful at 2025-08-26 07:41:49
Attempting database connection at 2025-08-26 07:41:50
Database connection successful at 2025-08-26 07:41:50
Attempting database connection at 2025-08-26 07:41:51
Database connection successful at 2025-08-26 07:41:51
Attempting database connection at 2025-08-26 07:42:09
Database connection successful at 2025-08-26 07:42:09
Attempting database connection at 2025-08-26 07:42:10
Database connection successful at 2025-08-26 07:42:10
Attempting database connection at 2025-08-26 07:42:10
Database connection successful at 2025-08-26 07:42:10
Attempting database connection at 2025-08-26 07:42:10
Database connection successful at 2025-08-26 07:42:10
Attempting database connection at 2025-08-26 07:42:10
Database connection successful at 2025-08-26 07:42:10
Attempting database connection at 2025-08-26 07:42:11
Database connection successful at 2025-08-26 07:42:11
Attempting database connection at 2025-08-26 07:42:12
Database connection successful at 2025-08-26 07:42:12
Attempting database connection at 2025-08-26 07:42:18
Database connection successful at 2025-08-26 07:42:18
Attempting database connection at 2025-08-26 07:42:19
Database connection successful at 2025-08-26 07:42:19
Attempting database connection at 2025-08-26 07:42:19
Database connection successful at 2025-08-26 07:42:19
Attempting database connection at 2025-08-26 07:42:21
Database connection successful at 2025-08-26 07:42:21
Attempting database connection at 2025-08-26 07:42:22
Database connection successful at 2025-08-26 07:42:22
Attempting database connection at 2025-08-26 07:42:22
Database connection successful at 2025-08-26 07:42:22
Attempting database connection at 2025-08-26 07:42:23
Database connection successful at 2025-08-26 07:42:23
Attempting database connection at 2025-08-26 07:42:27
Database connection successful at 2025-08-26 07:42:27
Attempting database connection at 2025-08-26 07:42:28
Database connection successful at 2025-08-26 07:42:28
Attempting database connection at 2025-08-26 07:42:28
Database connection successful at 2025-08-26 07:42:28
Attempting database connection at 2025-08-26 07:42:29
Database connection successful at 2025-08-26 07:42:29
Attempting database connection at 2025-08-26 07:42:29
Database connection successful at 2025-08-26 07:42:29
Attempting database connection at 2025-08-26 07:42:30
Database connection successful at 2025-08-26 07:42:30
Attempting database connection at 2025-08-26 07:42:31
Database connection successful at 2025-08-26 07:42:31
Attempting database connection at 2025-08-26 07:42:31
Database connection successful at 2025-08-26 07:42:31
Attempting database connection at 2025-08-26 07:42:32
Database connection successful at 2025-08-26 07:42:32
Attempting database connection at 2025-08-26 07:42:33
Database connection successful at 2025-08-26 07:42:33
Attempting database connection at 2025-08-26 07:42:33
Database connection successful at 2025-08-26 07:42:33
Attempting database connection at 2025-08-26 07:42:34
Database connection successful at 2025-08-26 07:42:34
Attempting database connection at 2025-08-26 07:42:36
Database connection successful at 2025-08-26 07:42:36
Attempting database connection at 2025-08-26 07:42:37
Database connection successful at 2025-08-26 07:42:37
Attempting database connection at 2025-08-26 07:42:37
Database connection successful at 2025-08-26 07:42:37
Attempting database connection at 2025-08-26 07:42:39
Database connection successful at 2025-08-26 07:42:39
Attempting database connection at 2025-08-26 07:42:41
Database connection successful at 2025-08-26 07:42:41
Attempting database connection at 2025-08-26 07:42:42
Database connection successful at 2025-08-26 07:42:42
Attempting database connection at 2025-08-26 07:42:45
Database connection successful at 2025-08-26 07:42:45
Attempting database connection at 2025-08-26 07:42:46
Database connection successful at 2025-08-26 07:42:46
Attempting database connection at 2025-08-26 07:42:46
Database connection successful at 2025-08-26 07:42:46
Attempting database connection at 2025-08-26 07:42:48
Database connection successful at 2025-08-26 07:42:48
Attempting database connection at 2025-08-26 07:42:49
Database connection successful at 2025-08-26 07:42:49
Attempting database connection at 2025-08-26 07:42:50
Database connection successful at 2025-08-26 07:42:50
Attempting database connection at 2025-08-26 07:42:51
Database connection successful at 2025-08-26 07:42:51
Attempting database connection at 2025-08-26 07:42:53
Database connection successful at 2025-08-26 07:42:53
Attempting database connection at 2025-08-26 07:42:57
Database connection successful at 2025-08-26 07:42:57
Attempting database connection at 2025-08-26 07:42:57
Database connection successful at 2025-08-26 07:42:57
Attempting database connection at 2025-08-26 07:42:58
Database connection successful at 2025-08-26 07:42:58
Attempting database connection at 2025-08-26 07:42:59
Database connection successful at 2025-08-26 07:42:59
Attempting database connection at 2025-08-26 07:42:59
Database connection successful at 2025-08-26 07:42:59
Attempting database connection at 2025-08-26 07:42:59
Database connection successful at 2025-08-26 07:42:59
Attempting database connection at 2025-08-26 07:43:00
Database connection successful at 2025-08-26 07:43:00
Attempting database connection at 2025-08-26 07:43:01
Database connection successful at 2025-08-26 07:43:01
Attempting database connection at 2025-08-26 07:43:02
Database connection successful at 2025-08-26 07:43:02
Attempting database connection at 2025-08-26 07:43:05
Database connection successful at 2025-08-26 07:43:05
Attempting database connection at 2025-08-26 07:43:06
Database connection successful at 2025-08-26 07:43:06
Attempting database connection at 2025-08-26 07:43:06
Database connection successful at 2025-08-26 07:43:06
Attempting database connection at 2025-08-26 07:43:07
Database connection successful at 2025-08-26 07:43:07
Attempting database connection at 2025-08-26 07:43:08
Database connection successful at 2025-08-26 07:43:08
Attempting database connection at 2025-08-26 07:43:10
Database connection successful at 2025-08-26 07:43:10
Attempting database connection at 2025-08-26 07:43:11
Database connection successful at 2025-08-26 07:43:11
Attempting database connection at 2025-08-26 07:43:16
Database connection successful at 2025-08-26 07:43:16
Attempting database connection at 2025-08-26 07:43:18
Database connection successful at 2025-08-26 07:43:18
Attempting database connection at 2025-08-26 07:43:20
Database connection successful at 2025-08-26 07:43:20
Attempting database connection at 2025-08-26 07:43:22
Database connection successful at 2025-08-26 07:43:22
Attempting database connection at 2025-08-26 07:43:23
Database connection successful at 2025-08-26 07:43:23
Attempting database connection at 2025-08-26 07:43:24
Database connection successful at 2025-08-26 07:43:24
Attempting database connection at 2025-08-26 07:43:24
Database connection successful at 2025-08-26 07:43:24
Attempting database connection at 2025-08-26 07:43:26
Database connection successful at 2025-08-26 07:43:26
Attempting database connection at 2025-08-26 07:43:33
Database connection successful at 2025-08-26 07:43:33
Attempting database connection at 2025-08-26 07:43:33
Database connection successful at 2025-08-26 07:43:33
Attempting database connection at 2025-08-26 07:43:34
Database connection successful at 2025-08-26 07:43:34
Attempting database connection at 2025-08-26 07:43:38
Database connection successful at 2025-08-26 07:43:38
Attempting database connection at 2025-08-26 07:43:40
Database connection successful at 2025-08-26 07:43:40
Attempting database connection at 2025-08-26 07:43:42
Database connection successful at 2025-08-26 07:43:42
Attempting database connection at 2025-08-26 07:43:43
Database connection successful at 2025-08-26 07:43:43
Attempting database connection at 2025-08-26 07:43:43
Database connection successful at 2025-08-26 07:43:43
Attempting database connection at 2025-08-26 07:43:44
Database connection successful at 2025-08-26 07:43:44
Attempting database connection at 2025-08-26 07:43:45
Database connection successful at 2025-08-26 07:43:45
Attempting database connection at 2025-08-26 07:43:48
Database connection successful at 2025-08-26 07:43:48
Attempting database connection at 2025-08-26 07:43:48
Database connection successful at 2025-08-26 07:43:48
Attempting database connection at 2025-08-26 07:43:49
Database connection successful at 2025-08-26 07:43:49
Attempting database connection at 2025-08-26 07:43:54
Database connection successful at 2025-08-26 07:43:54
Attempting database connection at 2025-08-26 07:44:01
Database connection successful at 2025-08-26 07:44:01
Attempting database connection at 2025-08-26 07:44:01
Database connection successful at 2025-08-26 07:44:01
Attempting database connection at 2025-08-26 07:44:02
Database connection successful at 2025-08-26 07:44:02
Attempting database connection at 2025-08-26 07:44:09
Database connection successful at 2025-08-26 07:44:09
Attempting database connection at 2025-08-26 07:44:14
Database connection successful at 2025-08-26 07:44:14
Attempting database connection at 2025-08-26 07:44:19
Database connection successful at 2025-08-26 07:44:19
Attempting database connection at 2025-08-26 07:44:20
Database connection successful at 2025-08-26 07:44:20
Attempting database connection at 2025-08-26 07:44:20
Database connection successful at 2025-08-26 07:44:20
Attempting database connection at 2025-08-26 07:44:21
Database connection successful at 2025-08-26 07:44:21
Attempting database connection at 2025-08-26 07:44:28
Database connection successful at 2025-08-26 07:44:28
Attempting database connection at 2025-08-26 07:44:40
Database connection successful at 2025-08-26 07:44:40
Attempting database connection at 2025-08-26 07:45:01
Database connection successful at 2025-08-26 07:45:01
Attempting database connection at 2025-08-26 07:45:34
Database connection successful at 2025-08-26 07:45:34
Attempting database connection at 2025-08-26 07:45:34
Database connection successful at 2025-08-26 07:45:34
Attempting database connection at 2025-08-26 07:45:35
Database connection successful at 2025-08-26 07:45:35
Attempting database connection at 2025-08-26 07:45:45
Database connection successful at 2025-08-26 07:45:45
Attempting database connection at 2025-08-26 07:45:55
Database connection successful at 2025-08-26 07:45:55
Attempting database connection at 2025-08-26 07:46:05
Database connection successful at 2025-08-26 07:46:05
Attempting database connection at 2025-08-26 07:46:15
Database connection successful at 2025-08-26 07:46:15
Attempting database connection at 2025-08-26 07:46:17
Database connection successful at 2025-08-26 07:46:17
Attempting database connection at 2025-08-26 07:46:18
Database connection successful at 2025-08-26 07:46:18
Attempting database connection at 2025-08-26 07:46:18
Database connection successful at 2025-08-26 07:46:18
Attempting database connection at 2025-08-26 07:46:23
Database connection successful at 2025-08-26 07:46:23
Attempting database connection at 2025-08-26 07:46:23
Database connection successful at 2025-08-26 07:46:23
Attempting database connection at 2025-08-26 07:46:24
Database connection successful at 2025-08-26 07:46:24
Attempting database connection at 2025-08-26 07:46:27
Database connection successful at 2025-08-26 07:46:27
Attempting database connection at 2025-08-26 07:46:28
Database connection successful at 2025-08-26 07:46:28
Attempting database connection at 2025-08-26 07:46:28
Database connection successful at 2025-08-26 07:46:28
Attempting database connection at 2025-08-26 07:46:36
Database connection successful at 2025-08-26 07:46:36
Attempting database connection at 2025-08-26 07:46:37
Database connection successful at 2025-08-26 07:46:37
Attempting database connection at 2025-08-26 07:46:37
Database connection successful at 2025-08-26 07:46:37
Attempting database connection at 2025-08-26 07:46:37
Database connection successful at 2025-08-26 07:46:37
Attempting database connection at 2025-08-26 07:46:38
Database connection successful at 2025-08-26 07:46:38
Attempting database connection at 2025-08-26 07:46:38
Database connection successful at 2025-08-26 07:46:38
Attempting database connection at 2025-08-26 07:46:39
Database connection successful at 2025-08-26 07:46:39
Attempting database connection at 2025-08-26 07:46:40
Database connection successful at 2025-08-26 07:46:40
Attempting database connection at 2025-08-26 07:46:40
Database connection successful at 2025-08-26 07:46:40
Attempting database connection at 2025-08-26 07:46:41
Database connection successful at 2025-08-26 07:46:41
Attempting database connection at 2025-08-26 07:46:44
Database connection successful at 2025-08-26 07:46:44
Attempting database connection at 2025-08-26 07:46:48
Database connection successful at 2025-08-26 07:46:48
Attempting database connection at 2025-08-26 07:46:52
Database connection successful at 2025-08-26 07:46:52
Attempting database connection at 2025-08-26 07:46:52
Database connection successful at 2025-08-26 07:46:52
Attempting database connection at 2025-08-26 07:46:53
Database connection successful at 2025-08-26 07:46:53
Attempting database connection at 2025-08-26 07:46:53
Database connection successful at 2025-08-26 07:46:53
Attempting database connection at 2025-08-26 07:46:54
Database connection successful at 2025-08-26 07:46:54
Attempting database connection at 2025-08-26 07:46:54
Database connection successful at 2025-08-26 07:46:54
Attempting database connection at 2025-08-26 07:46:56
Database connection successful at 2025-08-26 07:46:56
Attempting database connection at 2025-08-26 07:46:57
Database connection successful at 2025-08-26 07:46:57
Attempting database connection at 2025-08-26 07:46:58
Database connection successful at 2025-08-26 07:46:58
Attempting database connection at 2025-08-26 07:47:01
Database connection successful at 2025-08-26 07:47:01
Attempting database connection at 2025-08-26 07:47:04
Database connection successful at 2025-08-26 07:47:04
Attempting database connection at 2025-08-26 07:47:08
Database connection successful at 2025-08-26 07:47:08
Attempting database connection at 2025-08-26 07:47:13
Database connection successful at 2025-08-26 07:47:13
Attempting database connection at 2025-08-26 07:47:14
Database connection successful at 2025-08-26 07:47:14
Attempting database connection at 2025-08-26 07:47:14
Database connection successful at 2025-08-26 07:47:14
Attempting database connection at 2025-08-26 07:47:15
Database connection successful at 2025-08-26 07:47:15
Attempting database connection at 2025-08-26 07:47:15
Database connection successful at 2025-08-26 07:47:15
Attempting database connection at 2025-08-26 07:47:17
Database connection successful at 2025-08-26 07:47:17
Attempting database connection at 2025-08-26 07:47:18
Database connection successful at 2025-08-26 07:47:18
Attempting database connection at 2025-08-26 07:47:20
Database connection successful at 2025-08-26 07:47:20
Attempting database connection at 2025-08-26 07:47:20
Database connection successful at 2025-08-26 07:47:20
Attempting database connection at 2025-08-26 07:47:20
Database connection successful at 2025-08-26 07:47:20
Attempting database connection at 2025-08-26 07:47:20
Database connection successful at 2025-08-26 07:47:20
Attempting database connection at 2025-08-26 07:47:20
Database connection successful at 2025-08-26 07:47:20
Attempting database connection at 2025-08-26 07:47:20
Database connection successful at 2025-08-26 07:47:20
Attempting database connection at 2025-08-26 07:47:20
Database connection successful at 2025-08-26 07:47:20
Attempting database connection at 2025-08-26 07:47:20
Database connection successful at 2025-08-26 07:47:20
Attempting database connection at 2025-08-26 07:47:20
Database connection successful at 2025-08-26 07:47:20
Attempting database connection at 2025-08-26 07:47:26
Database connection successful at 2025-08-26 07:47:26
Attempting database connection at 2025-08-26 07:47:27
Database connection successful at 2025-08-26 07:47:27
Attempting database connection at 2025-08-26 07:47:28
Database connection successful at 2025-08-26 07:47:28
Attempting database connection at 2025-08-26 07:47:32
Database connection successful at 2025-08-26 07:47:32
Attempting database connection at 2025-08-26 07:47:33
Database connection successful at 2025-08-26 07:47:33
Attempting database connection at 2025-08-26 07:47:35
Database connection successful at 2025-08-26 07:47:35
Attempting database connection at 2025-08-26 07:47:39
Database connection successful at 2025-08-26 07:47:39
Attempting database connection at 2025-08-26 07:47:40
Database connection successful at 2025-08-26 07:47:40
Attempting database connection at 2025-08-26 07:47:41
Database connection successful at 2025-08-26 07:47:41
Attempting database connection at 2025-08-26 07:47:47
Database connection successful at 2025-08-26 07:47:47
Attempting database connection at 2025-08-26 07:47:47
Database connection successful at 2025-08-26 07:47:47
Attempting database connection at 2025-08-26 07:47:48
Database connection successful at 2025-08-26 07:47:48
Attempting database connection at 2025-08-26 07:47:48
Database connection successful at 2025-08-26 07:47:48
Attempting database connection at 2025-08-26 07:47:52
Database connection successful at 2025-08-26 07:47:52
Attempting database connection at 2025-08-26 07:47:54
Database connection successful at 2025-08-26 07:47:54
Attempting database connection at 2025-08-26 07:47:54
Database connection successful at 2025-08-26 07:47:54
Attempting database connection at 2025-08-26 07:47:55
Database connection successful at 2025-08-26 07:47:55
Attempting database connection at 2025-08-26 07:47:56
Database connection successful at 2025-08-26 07:47:56
Attempting database connection at 2025-08-26 07:47:56
Database connection successful at 2025-08-26 07:47:56
Attempting database connection at 2025-08-26 07:47:56
Database connection successful at 2025-08-26 07:47:56
Attempting database connection at 2025-08-26 07:47:57
Database connection successful at 2025-08-26 07:47:57
Attempting database connection at 2025-08-26 07:48:00
Database connection successful at 2025-08-26 07:48:00
Attempting database connection at 2025-08-26 07:48:07
Database connection successful at 2025-08-26 07:48:07
Attempting database connection at 2025-08-26 07:48:07
Database connection successful at 2025-08-26 07:48:07
Attempting database connection at 2025-08-26 07:48:10
Database connection successful at 2025-08-26 07:48:10
Attempting database connection at 2025-08-26 07:48:11
Database connection successful at 2025-08-26 07:48:11
Attempting database connection at 2025-08-26 07:48:11
Database connection successful at 2025-08-26 07:48:11
Attempting database connection at 2025-08-26 07:48:12
Database connection successful at 2025-08-26 07:48:12
Attempting database connection at 2025-08-26 07:48:14
Database connection successful at 2025-08-26 07:48:14
Attempting database connection at 2025-08-26 07:48:15
Database connection successful at 2025-08-26 07:48:15
Attempting database connection at 2025-08-26 07:48:16
Database connection successful at 2025-08-26 07:48:16
Attempting database connection at 2025-08-26 07:48:16
Database connection successful at 2025-08-26 07:48:16
Attempting database connection at 2025-08-26 07:48:17
Database connection successful at 2025-08-26 07:48:17
Attempting database connection at 2025-08-26 07:48:20
Database connection successful at 2025-08-26 07:48:20
Attempting database connection at 2025-08-26 07:48:27
Database connection successful at 2025-08-26 07:48:27
Attempting database connection at 2025-08-26 07:48:31
Database connection successful at 2025-08-26 07:48:31
Attempting database connection at 2025-08-26 07:48:34
Database connection successful at 2025-08-26 07:48:34
Attempting database connection at 2025-08-26 07:48:35
Database connection successful at 2025-08-26 07:48:35
Attempting database connection at 2025-08-26 07:48:35
Database connection successful at 2025-08-26 07:48:35
Attempting database connection at 2025-08-26 07:48:36
Database connection successful at 2025-08-26 07:48:36
Attempting database connection at 2025-08-26 07:48:36
Database connection successful at 2025-08-26 07:48:36
Attempting database connection at 2025-08-26 07:48:37
Database connection successful at 2025-08-26 07:48:37
Attempting database connection at 2025-08-26 07:48:47
Database connection successful at 2025-08-26 07:48:47
Attempting database connection at 2025-08-26 07:48:51
Database connection successful at 2025-08-26 07:48:51
Attempting database connection at 2025-08-26 07:48:54
Database connection successful at 2025-08-26 07:48:54
Attempting database connection at 2025-08-26 07:48:56
Database connection successful at 2025-08-26 07:48:56
Attempting database connection at 2025-08-26 07:49:00
Database connection successful at 2025-08-26 07:49:00
Attempting database connection at 2025-08-26 07:49:01
Database connection successful at 2025-08-26 07:49:01
Attempting database connection at 2025-08-26 07:49:01
Database connection successful at 2025-08-26 07:49:01
Attempting database connection at 2025-08-26 07:49:06
Database connection successful at 2025-08-26 07:49:06
Attempting database connection at 2025-08-26 07:49:06
Database connection successful at 2025-08-26 07:49:06
Attempting database connection at 2025-08-26 07:49:07
Database connection successful at 2025-08-26 07:49:07
Attempting database connection at 2025-08-26 07:49:07
Database connection successful at 2025-08-26 07:49:07
Attempting database connection at 2025-08-26 07:49:15
Database connection successful at 2025-08-26 07:49:15
Attempting database connection at 2025-08-26 07:49:21
Database connection successful at 2025-08-26 07:49:21
Attempting database connection at 2025-08-26 07:49:27
Database connection successful at 2025-08-26 07:49:27
Attempting database connection at 2025-08-26 07:49:31
Database connection successful at 2025-08-26 07:49:31
Attempting database connection at 2025-08-26 07:49:41
Database connection successful at 2025-08-26 07:49:41
Attempting database connection at 2025-08-26 07:49:47
Database connection successful at 2025-08-26 07:49:47
Attempting database connection at 2025-08-26 07:49:51
Database connection successful at 2025-08-26 07:49:51
Attempting database connection at 2025-08-26 07:50:29
Database connection successful at 2025-08-26 07:50:29
Attempting database connection at 2025-08-26 07:50:29
Database connection successful at 2025-08-26 07:50:29
Attempting database connection at 2025-08-26 07:50:30
Database connection successful at 2025-08-26 07:50:30
Attempting database connection at 2025-08-26 07:50:50
Database connection successful at 2025-08-26 07:50:50
Attempting database connection at 2025-08-26 07:51:10
Database connection successful at 2025-08-26 07:51:10
Attempting database connection at 2025-08-26 09:23:01
Database connection successful at 2025-08-26 09:23:01
Attempting database connection at 2025-08-26 09:23:13
Database connection successful at 2025-08-26 09:23:13
Attempting database connection at 2025-08-26 09:56:59
Database connection successful at 2025-08-26 09:56:59
Attempting database connection at 2025-08-26 10:44:44
Database connection successful at 2025-08-26 10:44:44
Attempting database connection at 2025-08-26 10:53:15
Database connection successful at 2025-08-26 10:53:15
Attempting database connection at 2025-08-26 10:55:32
Database connection successful at 2025-08-26 10:55:32
Attempting database connection at 2025-08-26 10:55:39
Database connection successful at 2025-08-26 10:55:39
Attempting database connection at 2025-08-26 10:58:47
Database connection successful at 2025-08-26 10:58:47
Attempting database connection at 2025-08-26 11:04:05
Database connection successful at 2025-08-26 11:04:05
Attempting database connection at 2025-08-26 11:10:04
Database connection successful at 2025-08-26 11:10:04
Attempting database connection at 2025-08-26 11:18:17
Database connection successful at 2025-08-26 11:18:17
Attempting database connection at 2025-08-26 11:26:51
Database connection successful at 2025-08-26 11:26:51
Attempting database connection at 2025-08-26 12:13:21
Database connection successful at 2025-08-26 12:13:21
Attempting database connection at 2025-08-26 12:14:14
Database connection successful at 2025-08-26 12:14:14
Attempting database connection at 2025-08-26 12:40:44
Database connection successful at 2025-08-26 12:40:44
Attempting database connection at 2025-08-26 12:41:01
Database connection successful at 2025-08-26 12:41:01
Attempting database connection at 2025-08-26 12:41:03
Database connection successful at 2025-08-26 12:41:03
Attempting database connection at 2025-08-26 12:41:04
Database connection successful at 2025-08-26 12:41:04
Attempting database connection at 2025-08-26 12:41:04
Database connection successful at 2025-08-26 12:41:04
Database connection included successfully at 2025-08-26 12:41:04
Attempting to fetch posts at 2025-08-26 12:41:04
Executing query: SELECT * FROM posts ORDER BY date DESC LIMIT 20 at 2025-08-26 12:41:04
Successfully fetched 4 posts at 2025-08-26 12:41:04
Outputting JSON response at 2025-08-26 12:41:04
Attempting database connection at 2025-08-26 12:41:07
Database connection successful at 2025-08-26 12:41:07
Attempting database connection at 2025-08-26 12:41:07
Database connection successful at 2025-08-26 12:41:07
Attempting database connection at 2025-08-26 12:41:27
Database connection successful at 2025-08-26 12:41:27
Attempting database connection at 2025-08-26 12:41:29
Database connection successful at 2025-08-26 12:41:29
Attempting database connection at 2025-08-26 12:41:29
Database connection successful at 2025-08-26 12:41:29
Attempting database connection at 2025-08-26 12:41:29
Database connection successful at 2025-08-26 12:41:29
Database connection included successfully at 2025-08-26 12:41:29
Attempting to fetch posts at 2025-08-26 12:41:29
Executing query: SELECT * FROM posts ORDER BY date DESC LIMIT 20 at 2025-08-26 12:41:29
Successfully fetched 4 posts at 2025-08-26 12:41:29
Outputting JSON response at 2025-08-26 12:41:29
Attempting database connection at 2025-08-26 12:41:31
Database connection successful at 2025-08-26 12:41:31
Attempting database connection at 2025-08-26 12:41:31
Database connection successful at 2025-08-26 12:41:31
Attempting database connection at 2025-08-26 12:42:03
Database connection successful at 2025-08-26 12:42:03
Attempting database connection at 2025-08-26 12:42:03
Database connection successful at 2025-08-26 12:42:03
Attempting database connection at 2025-08-26 14:01:29
Database connection successful at 2025-08-26 14:01:29
Attempting database connection at 2025-08-26 14:19:07
Database connection successful at 2025-08-26 14:19:07
Attempting database connection at 2025-08-26 14:32:56
Database connection successful at 2025-08-26 14:32:56
Attempting database connection at 2025-08-26 14:42:02
Database connection successful at 2025-08-26 14:42:02
Attempting database connection at 2025-08-26 15:10:51
Database connection successful at 2025-08-26 15:10:51
Attempting database connection at 2025-08-26 15:10:51
Database connection successful at 2025-08-26 15:10:51
Attempting database connection at 2025-08-26 15:11:00
Database connection successful at 2025-08-26 15:11:00
Attempting database connection at 2025-08-26 15:11:00
Database connection successful at 2025-08-26 15:11:00
Attempting database connection at 2025-08-26 15:11:02
Database connection successful at 2025-08-26 15:11:02
Attempting database connection at 2025-08-26 15:11:02
Database connection successful at 2025-08-26 15:11:02
Attempting database connection at 2025-08-26 15:11:16
Database connection successful at 2025-08-26 15:11:16
Attempting database connection at 2025-08-26 15:11:16
Database connection successful at 2025-08-26 15:11:16
Attempting database connection at 2025-08-26 15:15:54
Database connection successful at 2025-08-26 15:15:54
Attempting database connection at 2025-08-26 15:15:54
Database connection successful at 2025-08-26 15:15:54
Attempting database connection at 2025-08-26 15:15:55
Database connection successful at 2025-08-26 15:15:55
Attempting database connection at 2025-08-26 15:15:55
Database connection successful at 2025-08-26 15:15:55
Attempting database connection at 2025-08-26 15:15:55
Database connection successful at 2025-08-26 15:15:55
Attempting database connection at 2025-08-26 15:15:56
Database connection successful at 2025-08-26 15:15:56
Attempting database connection at 2025-08-26 15:16:03
Database connection successful at 2025-08-26 15:16:03
Attempting database connection at 2025-08-26 15:16:03
Database connection successful at 2025-08-26 15:16:03
Attempting database connection at 2025-08-26 15:18:40
Database connection successful at 2025-08-26 15:18:40
Attempting database connection at 2025-08-26 15:18:40
Database connection successful at 2025-08-26 15:18:40
Attempting database connection at 2025-08-26 15:23:42
Database connection successful at 2025-08-26 15:23:42
Attempting database connection at 2025-08-26 15:25:27
Database connection successful at 2025-08-26 15:25:27
Attempting database connection at 2025-08-26 15:25:27
Database connection successful at 2025-08-26 15:25:27
Attempting database connection at 2025-08-26 15:25:29
Database connection successful at 2025-08-26 15:25:29
Attempting database connection at 2025-08-26 15:25:29
Database connection successful at 2025-08-26 15:25:29
Attempting database connection at 2025-08-26 15:28:59
Database connection successful at 2025-08-26 15:28:59
Attempting database connection at 2025-08-26 15:28:59
Database connection successful at 2025-08-26 15:28:59
Attempting database connection at 2025-08-26 15:29:00
Database connection successful at 2025-08-26 15:29:00
Attempting database connection at 2025-08-26 15:29:01
Database connection successful at 2025-08-26 15:29:01
Attempting database connection at 2025-08-26 15:29:12
Database connection successful at 2025-08-26 15:29:12
Attempting database connection at 2025-08-26 15:29:12
Database connection successful at 2025-08-26 15:29:12
Attempting database connection at 2025-08-26 15:29:14
Database connection successful at 2025-08-26 15:29:14
Attempting database connection at 2025-08-26 15:29:14
Database connection successful at 2025-08-26 15:29:14
Attempting database connection at 2025-08-26 15:29:19
Database connection successful at 2025-08-26 15:29:19
Attempting database connection at 2025-08-26 15:29:19
Database connection successful at 2025-08-26 15:29:19
Attempting database connection at 2025-08-26 15:29:21
Database connection successful at 2025-08-26 15:29:21
Attempting database connection at 2025-08-26 15:29:21
Database connection successful at 2025-08-26 15:29:21
Attempting database connection at 2025-08-26 15:31:01
Database connection successful at 2025-08-26 15:31:01
Attempting database connection at 2025-08-26 15:33:51
Database connection successful at 2025-08-26 15:33:51
Attempting database connection at 2025-08-26 15:33:51
Database connection successful at 2025-08-26 15:33:51
Attempting database connection at 2025-08-26 15:33:53
Database connection successful at 2025-08-26 15:33:53
Attempting database connection at 2025-08-26 15:33:53
Database connection successful at 2025-08-26 15:33:53
Attempting database connection at 2025-08-26 15:34:06
Database connection successful at 2025-08-26 15:34:06
Attempting database connection at 2025-08-26 15:34:08
Database connection successful at 2025-08-26 15:34:08
Attempting database connection at 2025-08-26 15:34:08
Database connection successful at 2025-08-26 15:34:08
Attempting database connection at 2025-08-26 15:34:08
Database connection successful at 2025-08-26 15:34:08
Database connection included successfully at 2025-08-26 15:34:08
Attempting to fetch posts at 2025-08-26 15:34:08
Executing query: SELECT * FROM posts ORDER BY date DESC LIMIT 20 at 2025-08-26 15:34:08
Successfully fetched 4 posts at 2025-08-26 15:34:08
Outputting JSON response at 2025-08-26 15:34:08
Attempting database connection at 2025-08-26 15:34:10
Database connection successful at 2025-08-26 15:34:10
Attempting database connection at 2025-08-26 15:34:10
Database connection successful at 2025-08-26 15:34:10
Attempting database connection at 2025-08-26 15:35:42
Database connection successful at 2025-08-26 15:35:42
Attempting database connection at 2025-08-26 15:35:42
Database connection successful at 2025-08-26 15:35:42
Attempting database connection at 2025-08-26 15:35:44
Database connection successful at 2025-08-26 15:35:44
Attempting database connection at 2025-08-26 15:35:44
Database connection successful at 2025-08-26 15:35:44
Attempting database connection at 2025-08-26 15:35:58
Database connection successful at 2025-08-26 15:35:58
Attempting database connection at 2025-08-26 15:35:59
Database connection successful at 2025-08-26 15:35:59
Attempting database connection at 2025-08-26 15:35:59
Database connection successful at 2025-08-26 15:35:59
Attempting database connection at 2025-08-26 15:36:00
Database connection successful at 2025-08-26 15:36:00
Database connection included successfully at 2025-08-26 15:36:00
Attempting to fetch posts at 2025-08-26 15:36:00
Executing query: SELECT * FROM posts ORDER BY date DESC LIMIT 20 at 2025-08-26 15:36:00
Successfully fetched 4 posts at 2025-08-26 15:36:00
Outputting JSON response at 2025-08-26 15:36:00
Attempting database connection at 2025-08-26 15:36:01
Database connection successful at 2025-08-26 15:36:01
Attempting database connection at 2025-08-26 15:36:01
Database connection successful at 2025-08-26 15:36:01
Attempting database connection at 2025-08-26 15:37:44
Database connection successful at 2025-08-26 15:37:44
Attempting database connection at 2025-08-26 15:37:44
Database connection successful at 2025-08-26 15:37:44
Attempting database connection at 2025-08-26 15:37:45
Database connection successful at 2025-08-26 15:37:45
Attempting database connection at 2025-08-26 15:37:45
Database connection successful at 2025-08-26 15:37:45
Attempting database connection at 2025-08-26 15:37:46
Database connection successful at 2025-08-26 15:37:46
Attempting database connection at 2025-08-26 15:37:46
Database connection successful at 2025-08-26 15:37:46
Attempting database connection at 2025-08-26 15:37:51
Database connection successful at 2025-08-26 15:37:51
Attempting database connection at 2025-08-26 15:37:52
Database connection successful at 2025-08-26 15:37:52
Attempting database connection at 2025-08-26 15:37:53
Database connection successful at 2025-08-26 15:37:53
Attempting database connection at 2025-08-26 15:37:53
Database connection successful at 2025-08-26 15:37:53
Database connection included successfully at 2025-08-26 15:37:53
Attempting to fetch posts at 2025-08-26 15:37:53
Executing query: SELECT * FROM posts ORDER BY date DESC LIMIT 20 at 2025-08-26 15:37:53
Successfully fetched 4 posts at 2025-08-26 15:37:53
Outputting JSON response at 2025-08-26 15:37:53
Attempting database connection at 2025-08-26 15:37:54
Database connection successful at 2025-08-26 15:37:54
Attempting database connection at 2025-08-26 15:37:54
Database connection successful at 2025-08-26 15:37:54
Attempting database connection at 2025-08-26 15:39:32
Database connection successful at 2025-08-26 15:39:32
Attempting database connection at 2025-08-26 15:39:42
Database connection successful at 2025-08-26 15:39:42
Attempting database connection at 2025-08-26 15:40:10
Database connection successful at 2025-08-26 15:40:10
Attempting database connection at 2025-08-26 15:40:11
Database connection successful at 2025-08-26 15:40:11
Attempting database connection at 2025-08-26 15:40:12
Database connection successful at 2025-08-26 15:40:12
Attempting database connection at 2025-08-26 15:40:12
Database connection successful at 2025-08-26 15:40:12
Database connection included successfully at 2025-08-26 15:40:12
Attempting to fetch posts at 2025-08-26 15:40:12
Executing query: SELECT * FROM posts ORDER BY date DESC LIMIT 20 at 2025-08-26 15:40:12
Successfully fetched 4 posts at 2025-08-26 15:40:12
Outputting JSON response at 2025-08-26 15:40:12
Attempting database connection at 2025-08-26 15:40:12
Database connection successful at 2025-08-26 15:40:12
Attempting database connection at 2025-08-26 15:40:12
Database connection successful at 2025-08-26 15:40:12
Attempting database connection at 2025-08-26 15:40:34
Database connection successful at 2025-08-26 15:40:34
Attempting database connection at 2025-08-26 15:40:34
Database connection successful at 2025-08-26 15:40:34
Attempting database connection at 2025-08-26 15:40:34
Database connection successful at 2025-08-26 15:40:34
Attempting database connection at 2025-08-26 15:40:34
Database connection successful at 2025-08-26 15:40:34
Attempting database connection at 2025-08-26 15:40:34
Database connection successful at 2025-08-26 15:40:34
Attempting database connection at 2025-08-26 15:40:34
Database connection successful at 2025-08-26 15:40:34
Attempting database connection at 2025-08-26 15:40:39
Database connection successful at 2025-08-26 15:40:39
Attempting database connection at 2025-08-26 15:40:40
Database connection successful at 2025-08-26 15:40:40
Attempting database connection at 2025-08-26 15:40:41
Database connection successful at 2025-08-26 15:40:41
Attempting database connection at 2025-08-26 15:40:41
Database connection successful at 2025-08-26 15:40:41
Database connection included successfully at 2025-08-26 15:40:41
Attempting to fetch posts at 2025-08-26 15:40:41
Executing query: SELECT * FROM posts ORDER BY date DESC LIMIT 20 at 2025-08-26 15:40:41
Successfully fetched 4 posts at 2025-08-26 15:40:41
Outputting JSON response at 2025-08-26 15:40:41
Attempting database connection at 2025-08-26 15:40:43
Database connection successful at 2025-08-26 15:40:43
Attempting database connection at 2025-08-26 15:40:43
Database connection successful at 2025-08-26 15:40:43
Attempting database connection at 2025-08-26 15:52:13
Database connection successful at 2025-08-26 15:52:13
Attempting database connection at 2025-08-26 15:52:14
Database connection successful at 2025-08-26 15:52:14
Attempting database connection at 2025-08-26 15:52:15
Database connection successful at 2025-08-26 15:52:15
Attempting database connection at 2025-08-26 15:52:15
Database connection successful at 2025-08-26 15:52:15
Database connection included successfully at 2025-08-26 15:52:15
Attempting to fetch posts at 2025-08-26 15:52:15
Executing query: SELECT * FROM posts ORDER BY date DESC LIMIT 20 at 2025-08-26 15:52:15
Successfully fetched 4 posts at 2025-08-26 15:52:15
Outputting JSON response at 2025-08-26 15:52:15
Attempting database connection at 2025-08-26 15:52:16
Database connection successful at 2025-08-26 15:52:16
Attempting database connection at 2025-08-26 15:52:16
Database connection successful at 2025-08-26 15:52:16
Attempting database connection at 2025-08-26 15:57:44
Database connection successful at 2025-08-26 15:57:44
Attempting database connection at 2025-08-26 15:57:44
Database connection successful at 2025-08-26 15:57:44
Attempting database connection at 2025-08-26 16:00:39
Database connection successful at 2025-08-26 16:00:39
Attempting database connection at 2025-08-26 16:00:40
Database connection successful at 2025-08-26 16:00:40
Attempting database connection at 2025-08-26 16:00:41
Database connection successful at 2025-08-26 16:00:41
Attempting database connection at 2025-08-26 16:00:52
Database connection successful at 2025-08-26 16:00:52
Attempting database connection at 2025-08-26 16:00:54
Database connection successful at 2025-08-26 16:00:54
Attempting database connection at 2025-08-26 16:00:54
Database connection successful at 2025-08-26 16:00:54
Attempting database connection at 2025-08-26 16:00:54
Database connection successful at 2025-08-26 16:00:54
Database connection included successfully at 2025-08-26 16:00:54
Attempting to fetch posts at 2025-08-26 16:00:54
Executing query: SELECT * FROM posts ORDER BY date DESC LIMIT 20 at 2025-08-26 16:00:54
Successfully fetched 4 posts at 2025-08-26 16:00:54
Outputting JSON response at 2025-08-26 16:00:54
Attempting database connection at 2025-08-26 16:00:57
Database connection successful at 2025-08-26 16:00:57
Attempting database connection at 2025-08-26 16:00:58
Database connection successful at 2025-08-26 16:00:58
Attempting database connection at 2025-08-26 16:09:49
Database connection successful at 2025-08-26 16:09:49
Attempting database connection at 2025-08-26 16:09:51
Database connection successful at 2025-08-26 16:09:51
Attempting database connection at 2025-08-26 16:09:51
Database connection successful at 2025-08-26 16:09:51
Attempting database connection at 2025-08-26 16:09:51
Database connection successful at 2025-08-26 16:09:51
Database connection included successfully at 2025-08-26 16:09:51
Attempting to fetch posts at 2025-08-26 16:09:51
Executing query: SELECT * FROM posts ORDER BY date DESC LIMIT 20 at 2025-08-26 16:09:51
Successfully fetched 4 posts at 2025-08-26 16:09:51
Outputting JSON response at 2025-08-26 16:09:51
Attempting database connection at 2025-08-26 16:09:53
Database connection successful at 2025-08-26 16:09:53
Attempting database connection at 2025-08-26 16:09:56
Database connection successful at 2025-08-26 16:09:56
Attempting database connection at 2025-08-26 16:11:05
Database connection successful at 2025-08-26 16:11:05
Attempting database connection at 2025-08-26 16:11:07
Database connection successful at 2025-08-26 16:11:07
Attempting database connection at 2025-08-26 16:11:07
Database connection successful at 2025-08-26 16:11:07
Attempting database connection at 2025-08-26 16:11:08
Database connection successful at 2025-08-26 16:11:08
Database connection included successfully at 2025-08-26 16:11:08
Attempting to fetch posts at 2025-08-26 16:11:08
Executing query: SELECT * FROM posts ORDER BY date DESC LIMIT 20 at 2025-08-26 16:11:08
Successfully fetched 4 posts at 2025-08-26 16:11:08
Outputting JSON response at 2025-08-26 16:11:08
Attempting database connection at 2025-08-26 16:11:09
Database connection successful at 2025-08-26 16:11:09
Attempting database connection at 2025-08-26 16:11:10
Database connection successful at 2025-08-26 16:11:10
Attempting database connection at 2025-08-26 16:18:30
Database connection successful at 2025-08-26 16:18:30
Attempting database connection at 2025-08-26 16:18:30
Database connection successful at 2025-08-26 16:18:30
Attempting database connection at 2025-08-26 16:18:32
Database connection successful at 2025-08-26 16:18:32
Attempting database connection at 2025-08-26 16:18:32
Database connection successful at 2025-08-26 16:18:32
Attempting database connection at 2025-08-26 16:18:32
Database connection successful at 2025-08-26 16:18:32
Attempting database connection at 2025-08-26 16:18:34
Database connection successful at 2025-08-26 16:18:34
Attempting database connection at 2025-08-26 16:18:34
Database connection successful at 2025-08-26 16:18:34
Attempting database connection at 2025-08-26 16:21:06
Database connection successful at 2025-08-26 16:21:06
Attempting database connection at 2025-08-26 16:21:08
Database connection successful at 2025-08-26 16:21:08
Attempting database connection at 2025-08-26 16:21:08
Database connection successful at 2025-08-26 16:21:08
Attempting database connection at 2025-08-26 16:21:08
Database connection successful at 2025-08-26 16:21:08
Database connection included successfully at 2025-08-26 16:21:08
Attempting to fetch posts at 2025-08-26 16:21:08
Executing query: SELECT * FROM posts ORDER BY date DESC LIMIT 20 at 2025-08-26 16:21:08
Successfully fetched 4 posts at 2025-08-26 16:21:08
Outputting JSON response at 2025-08-26 16:21:08
Attempting database connection at 2025-08-26 16:21:09
Database connection successful at 2025-08-26 16:21:09
Attempting database connection at 2025-08-26 16:21:09
Database connection successful at 2025-08-26 16:21:09
Attempting database connection at 2025-08-26 16:26:11
Database connection successful at 2025-08-26 16:26:11
Attempting database connection at 2025-08-26 16:26:11
Database connection successful at 2025-08-26 16:26:11
Attempting database connection at 2025-08-26 16:27:41
Database connection successful at 2025-08-26 16:27:41
Attempting database connection at 2025-08-26 16:28:16
Database connection successful at 2025-08-26 16:28:16
Attempting database connection at 2025-08-26 16:28:17
Database connection successful at 2025-08-26 16:28:17
Attempting database connection at 2025-08-26 16:33:56
Database connection successful at 2025-08-26 16:33:56
Attempting database connection at 2025-08-26 16:33:56
Database connection successful at 2025-08-26 16:33:56
Attempting database connection at 2025-08-26 16:34:32
Database connection successful at 2025-08-26 16:34:32
Attempting database connection at 2025-08-26 16:34:32
Database connection successful at 2025-08-26 16:34:32
Attempting database connection at 2025-08-26 16:34:43
Database connection successful at 2025-08-26 16:34:43
Attempting database connection at 2025-08-26 16:34:44
Database connection successful at 2025-08-26 16:34:44
Attempting database connection at 2025-08-26 16:34:45
Database connection successful at 2025-08-26 16:34:45
Attempting database connection at 2025-08-26 16:34:45
Database connection successful at 2025-08-26 16:34:45
Database connection included successfully at 2025-08-26 16:34:45
Attempting to fetch posts at 2025-08-26 16:34:45
Executing query: SELECT * FROM posts ORDER BY date DESC LIMIT 20 at 2025-08-26 16:34:45
Successfully fetched 4 posts at 2025-08-26 16:34:45
Outputting JSON response at 2025-08-26 16:34:45
Attempting database connection at 2025-08-26 16:34:50
Database connection successful at 2025-08-26 16:34:50
Attempting database connection at 2025-08-26 16:34:51
Database connection successful at 2025-08-26 16:34:51
Attempting database connection at 2025-08-26 16:35:01
Database connection successful at 2025-08-26 16:35:01
Attempting database connection at 2025-08-26 16:35:01
Database connection successful at 2025-08-26 16:35:01
Attempting database connection at 2025-08-26 16:35:01
Database connection successful at 2025-08-26 16:35:01
Attempting database connection at 2025-08-26 16:35:01
Database connection successful at 2025-08-26 16:35:01
Attempting database connection at 2025-08-26 16:35:02
Database connection successful at 2025-08-26 16:35:02
Attempting database connection at 2025-08-26 16:35:02
Database connection successful at 2025-08-26 16:35:02
Attempting database connection at 2025-08-26 16:35:02
Database connection successful at 2025-08-26 16:35:02
Attempting database connection at 2025-08-26 16:35:02
Database connection successful at 2025-08-26 16:35:02
Attempting database connection at 2025-08-26 16:35:02
Database connection successful at 2025-08-26 16:35:02
Attempting database connection at 2025-08-26 16:35:02
Database connection successful at 2025-08-26 16:35:02
Attempting database connection at 2025-08-26 16:36:08
Database connection successful at 2025-08-26 16:36:08
Attempting database connection at 2025-08-26 16:36:09
Database connection successful at 2025-08-26 16:36:09
Attempting database connection at 2025-08-26 16:36:09
Database connection successful at 2025-08-26 16:36:09
Attempting database connection at 2025-08-26 16:36:09
Database connection successful at 2025-08-26 16:36:09
Database connection included successfully at 2025-08-26 16:36:09
Attempting to fetch posts at 2025-08-26 16:36:09
Executing query: SELECT * FROM posts ORDER BY date DESC LIMIT 20 at 2025-08-26 16:36:09
Successfully fetched 4 posts at 2025-08-26 16:36:09
Outputting JSON response at 2025-08-26 16:36:09
Attempting database connection at 2025-08-26 16:36:11
Database connection successful at 2025-08-26 16:36:11
Attempting database connection at 2025-08-26 16:36:11
Database connection successful at 2025-08-26 16:36:11
Attempting database connection at 2025-08-26 16:36:33
Database connection successful at 2025-08-26 16:36:33
Attempting database connection at 2025-08-26 16:36:34
Database connection successful at 2025-08-26 16:36:34
Attempting database connection at 2025-08-26 16:36:34
Database connection successful at 2025-08-26 16:36:34
Attempting database connection at 2025-08-26 16:36:34
Database connection successful at 2025-08-26 16:36:34
Database connection included successfully at 2025-08-26 16:36:34
Attempting to fetch posts at 2025-08-26 16:36:34
Executing query: SELECT * FROM posts ORDER BY date DESC LIMIT 20 at 2025-08-26 16:36:34
Successfully fetched 4 posts at 2025-08-26 16:36:34
Outputting JSON response at 2025-08-26 16:36:34
Attempting database connection at 2025-08-26 16:36:36
Database connection successful at 2025-08-26 16:36:36
Attempting database connection at 2025-08-26 16:36:36
Database connection successful at 2025-08-26 16:36:36
Attempting database connection at 2025-08-26 16:38:58
Database connection successful at 2025-08-26 16:38:58
Attempting database connection at 2025-08-26 16:41:17
Database connection successful at 2025-08-26 16:41:17
Attempting database connection at 2025-08-26 16:41:18
Database connection successful at 2025-08-26 16:41:18
Attempting database connection at 2025-08-26 16:41:18
Database connection successful at 2025-08-26 16:41:18
Attempting database connection at 2025-08-26 16:41:18
Database connection successful at 2025-08-26 16:41:18
Database connection included successfully at 2025-08-26 16:41:18
Attempting to fetch posts at 2025-08-26 16:41:18
Executing query: SELECT * FROM posts ORDER BY date DESC LIMIT 20 at 2025-08-26 16:41:18
Successfully fetched 4 posts at 2025-08-26 16:41:18
Outputting JSON response at 2025-08-26 16:41:18
Attempting database connection at 2025-08-26 16:41:20
Database connection successful at 2025-08-26 16:41:20
Attempting database connection at 2025-08-26 16:41:20
Database connection successful at 2025-08-26 16:41:20
Attempting database connection at 2025-08-26 16:42:27
Database connection successful at 2025-08-26 16:42:27
Attempting database connection at 2025-08-26 16:42:27
Database connection successful at 2025-08-26 16:42:27
Attempting database connection at 2025-08-26 16:52:02
Database connection successful at 2025-08-26 16:52:02
Attempting database connection at 2025-08-26 16:52:03
Database connection successful at 2025-08-26 16:52:03
Attempting database connection at 2025-08-26 16:52:04
Database connection successful at 2025-08-26 16:52:04
Attempting database connection at 2025-08-26 16:52:04
Database connection successful at 2025-08-26 16:52:04
Attempting database connection at 2025-08-26 16:52:04
Database connection successful at 2025-08-26 16:52:04
Attempting database connection at 2025-08-26 16:52:04
Database connection successful at 2025-08-26 16:52:04
Attempting database connection at 2025-08-26 16:52:25
Database connection successful at 2025-08-26 16:52:25
Attempting database connection at 2025-08-26 16:52:26
Database connection successful at 2025-08-26 16:52:26
Attempting database connection at 2025-08-26 16:52:26
Database connection successful at 2025-08-26 16:52:26
Attempting database connection at 2025-08-26 16:52:26
Database connection successful at 2025-08-26 16:52:26
Database connection included successfully at 2025-08-26 16:52:26
Attempting to fetch posts at 2025-08-26 16:52:26
Executing query: SELECT * FROM posts ORDER BY date DESC LIMIT 20 at 2025-08-26 16:52:26
Successfully fetched 4 posts at 2025-08-26 16:52:26
Outputting JSON response at 2025-08-26 16:52:26
Attempting database connection at 2025-08-26 16:52:28
Database connection successful at 2025-08-26 16:52:28
Attempting database connection at 2025-08-26 16:52:28
Database connection successful at 2025-08-26 16:52:28
Attempting database connection at 2025-08-26 16:57:18
Database connection successful at 2025-08-26 16:57:18
Attempting database connection at 2025-08-26 16:57:18
Database connection successful at 2025-08-26 16:57:18
Attempting database connection at 2025-08-26 16:57:21
Database connection successful at 2025-08-26 16:57:21
Attempting database connection at 2025-08-26 16:57:21
Database connection successful at 2025-08-26 16:57:21
Attempting database connection at 2025-08-26 16:57:22
Database connection successful at 2025-08-26 16:57:22
Database connection included successfully at 2025-08-26 16:57:22
Attempting to fetch posts at 2025-08-26 16:57:22
Executing query: SELECT * FROM posts ORDER BY date DESC LIMIT 20 at 2025-08-26 16:57:22
Successfully fetched 4 posts at 2025-08-26 16:57:22
Outputting JSON response at 2025-08-26 16:57:22
Attempting database connection at 2025-08-26 16:57:23
Database connection successful at 2025-08-26 16:57:23
Attempting database connection at 2025-08-26 16:57:23
Database connection successful at 2025-08-26 16:57:23
Attempting database connection at 2025-08-26 16:57:55
Database connection successful at 2025-08-26 16:57:55
Attempting database connection at 2025-08-26 16:57:55
Database connection successful at 2025-08-26 16:57:55
Attempting database connection at 2025-08-26 16:57:56
Database connection successful at 2025-08-26 16:57:56
Attempting database connection at 2025-08-26 16:57:56
Database connection successful at 2025-08-26 16:57:56
Attempting database connection at 2025-08-26 16:57:56
Database connection successful at 2025-08-26 16:57:56
Attempting database connection at 2025-08-26 16:57:56
Database connection successful at 2025-08-26 16:57:56
Attempting database connection at 2025-08-26 16:57:56
Database connection successful at 2025-08-26 16:57:56
Attempting database connection at 2025-08-26 16:57:56
Database connection successful at 2025-08-26 16:57:56
Attempting database connection at 2025-08-26 16:58:02
Database connection successful at 2025-08-26 16:58:02
Attempting database connection at 2025-08-26 16:58:02
Database connection successful at 2025-08-26 16:58:02
Attempting database connection at 2025-08-26 16:58:02
Database connection successful at 2025-08-26 16:58:02
Attempting database connection at 2025-08-26 16:58:02
Database connection successful at 2025-08-26 16:58:02
Attempting database connection at 2025-08-26 16:58:02
Database connection successful at 2025-08-26 16:58:02
Attempting database connection at 2025-08-26 16:58:02
Database connection successful at 2025-08-26 16:58:02
Attempting database connection at 2025-08-26 16:58:03
Database connection successful at 2025-08-26 16:58:03
Attempting database connection at 2025-08-26 16:58:03
Database connection successful at 2025-08-26 16:58:03
Attempting database connection at 2025-08-27 03:56:48
Database connection successful at 2025-08-27 03:56:48
Attempting database connection at 2025-08-27 09:44:55
Database connection successful at 2025-08-27 09:44:55
Attempting database connection at 2025-08-27 10:09:37
Database connection successful at 2025-08-27 10:09:37
Attempting database connection at 2025-08-27 10:10:29
Database connection successful at 2025-08-27 10:10:29
